-- phpMyAdmin SQL Dump
-- version 5.2.1
-- https://www.phpmyadmin.net/
--
-- Máy chủ: 127.0.0.1
-- Thời gian đã tạo: Th4 26, 2024 lúc 12:22 PM
-- Phiên bản máy phục vụ: 10.4.32-MariaDB
-- Phiên bản PHP: 8.2.12

SET SQL_MODE = "NO_AUTO_VALUE_ON_ZERO";
START TRANSACTION;
SET time_zone = "+00:00";


/*!40101 SET @OLD_CHARACTER_SET_CLIENT=@@CHARACTER_SET_CLIENT */;
/*!40101 SET @OLD_CHARACTER_SET_RESULTS=@@CHARACTER_SET_RESULTS */;
/*!40101 SET @OLD_COLLATION_CONNECTION=@@COLLATION_CONNECTION */;
/*!40101 SET NAMES utf8mb4 */;

--
-- Cơ sở dữ liệu: `sell`
--

-- --------------------------------------------------------

--
-- Cấu trúc bảng cho bảng `category_news`
--

CREATE TABLE `category_news` (
  `id` bigint(20) UNSIGNED NOT NULL,
  `name` varchar(255) NOT NULL,
  `description` text DEFAULT NULL,
  `deleted_at` timestamp NULL DEFAULT NULL,
  `status` int(11) NOT NULL,
  `created_at` timestamp NULL DEFAULT NULL,
  `updated_at` timestamp NULL DEFAULT NULL
) ENGINE=InnoDB DEFAULT CHARSET=utf8mb4 COLLATE=utf8mb4_unicode_ci;

--
-- Đang đổ dữ liệu cho bảng `category_news`
--

INSERT INTO `category_news` (`id`, `name`, `description`, `deleted_at`, `status`, `created_at`, `updated_at`) VALUES
(1, 'Nhà đẹp', 'Nhà đẹp', NULL, 1, '2024-04-16 00:55:39', '2024-04-26 03:00:31'),
(2, 'Thị trường', 'Thị trường', NULL, 1, '2024-04-16 00:55:53', '2024-04-26 03:00:47');

-- --------------------------------------------------------

--
-- Cấu trúc bảng cho bảng `category_product`
--

CREATE TABLE `category_product` (
  `id` bigint(20) UNSIGNED NOT NULL,
  `name` varchar(255) NOT NULL,
  `description` text DEFAULT NULL,
  `deleted_at` timestamp NULL DEFAULT NULL,
  `status` int(11) NOT NULL,
  `created_at` timestamp NULL DEFAULT NULL,
  `updated_at` timestamp NULL DEFAULT NULL
) ENGINE=InnoDB DEFAULT CHARSET=utf8mb4 COLLATE=utf8mb4_unicode_ci;

--
-- Đang đổ dữ liệu cho bảng `category_product`
--

INSERT INTO `category_product` (`id`, `name`, `description`, `deleted_at`, `status`, `created_at`, `updated_at`) VALUES
(1, 'Vinhomes', 'Vinhomes', NULL, 1, '2024-04-15 21:35:03', '2024-04-26 02:49:20'),
(2, 'Nhà đất', 'Nhà đất', NULL, 1, '2024-04-15 21:35:03', '2024-04-26 02:49:42'),
(3, 'Chung cư', 'Chung cư', NULL, 1, '2024-04-25 11:36:49', '2024-04-26 02:49:56');

-- --------------------------------------------------------

--
-- Cấu trúc bảng cho bảng `comment_product`
--

CREATE TABLE `comment_product` (
  `id` bigint(20) UNSIGNED NOT NULL,
  `name` varchar(255) NOT NULL,
  `email` varchar(255) DEFAULT NULL,
  `date` date NOT NULL,
  `content` text NOT NULL,
  `user_id` int(11) NOT NULL,
  `product_id` int(11) NOT NULL,
  `deleted_at` timestamp NULL DEFAULT NULL,
  `status` int(11) NOT NULL,
  `created_at` timestamp NULL DEFAULT NULL,
  `updated_at` timestamp NULL DEFAULT NULL
) ENGINE=InnoDB DEFAULT CHARSET=utf8mb4 COLLATE=utf8mb4_unicode_ci;

--
-- Đang đổ dữ liệu cho bảng `comment_product`
--

INSERT INTO `comment_product` (`id`, `name`, `email`, `date`, `content`, `user_id`, `product_id`, `deleted_at`, `status`, `created_at`, `updated_at`) VALUES
(3, 'admin', 'tranthangvui360@gmail.com', '2024-04-21', 'Sản phẩm đpẹ', 2, 7, NULL, 1, '2024-04-20 21:45:03', NULL),
(4, 'admin', 'tranthangvui360@gmail.com', '2024-04-21', 'Chất mát sẽ mua lần nữa', 2, 7, NULL, 1, '2024-04-20 21:45:15', NULL),
(5, 'Thắng Trần', 'thangtran9772@gmail.com', '2024-04-24', 'phòng đẹp quá', 8, 8, NULL, 1, '2024-04-23 19:44:45', NULL),
(6, 'Thắng Trần', 'thangtran9772@gmail.com', '2024-04-25', 'hàng chất luongk', 8, 8, NULL, 1, '2024-04-25 11:18:10', NULL);

-- --------------------------------------------------------

--
-- Cấu trúc bảng cho bảng `failed_jobs`
--

CREATE TABLE `failed_jobs` (
  `id` bigint(20) UNSIGNED NOT NULL,
  `uuid` varchar(255) NOT NULL,
  `connection` text NOT NULL,
  `queue` text NOT NULL,
  `payload` longtext NOT NULL,
  `exception` longtext NOT NULL,
  `failed_at` timestamp NOT NULL DEFAULT current_timestamp()
) ENGINE=InnoDB DEFAULT CHARSET=utf8mb4 COLLATE=utf8mb4_unicode_ci;

-- --------------------------------------------------------

--
-- Cấu trúc bảng cho bảng `migrations`
--

CREATE TABLE `migrations` (
  `id` int(10) UNSIGNED NOT NULL,
  `migration` varchar(255) NOT NULL,
  `batch` int(11) NOT NULL
) ENGINE=InnoDB DEFAULT CHARSET=utf8mb4 COLLATE=utf8mb4_unicode_ci;

--
-- Đang đổ dữ liệu cho bảng `migrations`
--

INSERT INTO `migrations` (`id`, `migration`, `batch`) VALUES
(1, '2014_10_12_000000_create_users_table', 1),
(2, '2014_10_12_100000_create_password_reset_tokens_table', 1),
(3, '2019_08_19_000000_create_failed_jobs_table', 1),
(4, '2019_12_14_000001_create_personal_access_tokens_table', 1),
(5, '2024_04_16_020737_create_banner_table', 1),
(6, '2024_04_16_020749_create_news_table', 1),
(7, '2024_04_16_020803_create_products_table', 1),
(8, '2024_04_16_020820_create_category_product_table', 1),
(9, '2024_04_16_020828_create_category_news_table', 1),
(10, '2024_04_16_020906_create_admin_table', 1),
(11, '2024_04_16_020917_create_payments_table', 1),
(12, '2024_04_16_020926_create_orders_table', 1),
(13, '2024_04_16_020938_create_contact_table', 1),
(14, '2024_04_16_021202_create_orders_detail_table', 1),
(15, '2024_04_16_021209_create_bills_table', 1),
(16, '2024_04_16_021218_create_bill_detail_table', 1),
(17, '2024_04_16_021245_create_comment_product_table', 1);

-- --------------------------------------------------------

--
-- Cấu trúc bảng cho bảng `news`
--

CREATE TABLE `news` (
  `id` bigint(20) UNSIGNED NOT NULL,
  `title` varchar(255) NOT NULL,
  `short_desc` varchar(255) DEFAULT NULL,
  `images` varchar(255) NOT NULL,
  `date` date DEFAULT NULL,
  `description` text NOT NULL,
  `user_id` int(11) NOT NULL,
  `cate_new_id` int(11) NOT NULL,
  `deleted_at` timestamp NULL DEFAULT NULL,
  `status` int(11) NOT NULL,
  `created_at` timestamp NULL DEFAULT NULL,
  `updated_at` timestamp NULL DEFAULT NULL
) ENGINE=InnoDB DEFAULT CHARSET=utf8mb4 COLLATE=utf8mb4_unicode_ci;

--
-- Đang đổ dữ liệu cho bảng `news`
--

INSERT INTO `news` (`id`, `title`, `short_desc`, `images`, `date`, `description`, `user_id`, `cate_new_id`, `deleted_at`, `status`, `created_at`, `updated_at`) VALUES
(1, 'Những mẫu nhà ống 1 tầng đẹp', 'Tổng hợp những mẫu nhà ống 1 tầng đẹp 5x20 hiện đại và sang trọng', 'news/1714125887_mau-nha-ong-1-tang-dep-5x20-38-638411663927168503.jpg', NULL, '<p dir=\"ltr\" style=\"margin-right: 0px; margin-bottom: 10px; margin-left: 0px; padding: 0px; box-sizing: inherit; white-space-collapse: preserve; overflow-wrap: break-word; color: rgb(74, 74, 74); font-family: Roboto, &quot;Noto Sans&quot;, -apple-system, BlinkMacSystemFont, sans-serif; font-size: 16px; letter-spacing: 0.14px; text-align: justify;\">Mẫu nhà ống 1 tầng 5x20 là một trong những mẫu nhà được ưa chuộng nhất hiện nay, đặc biệt là ở các thành phố lớn. Sở dĩ mẫu nhà này được yêu thích là bởi những ưu điểm nổi bật sau:</p><h3 dir=\"ltr\" id=\"tan-dung-toi-da-dien-tich-xay-dung\" style=\"margin-right: 0px; margin-bottom: 0px; margin-left: 0px; padding: 0px; box-sizing: inherit; font-size: 18px; color: rgb(76, 182, 228); font-family: Roboto, &quot;Noto Sans&quot;, -apple-system, BlinkMacSystemFont, sans-serif; letter-spacing: 0.14px; text-align: justify;\"><strong style=\"margin: 0px; padding: 0px; box-sizing: inherit;\">Tận dụng tối đa diện tích xây dựng</strong></h3><p dir=\"ltr\" style=\"margin-right: 0px; margin-bottom: 10px; margin-left: 0px; padding: 0px; box-sizing: inherit; white-space-collapse: preserve; overflow-wrap: break-word; color: rgb(74, 74, 74); font-family: Roboto, &quot;Noto Sans&quot;, -apple-system, BlinkMacSystemFont, sans-serif; font-size: 16px; letter-spacing: 0.14px; text-align: justify;\">Với diện tích đất 5x20, mẫu nhà ống 1 tầng có thể tối ưu hóa diện tích xây dựng, đáp ứng đầy đủ công năng sử dụng của một gia đình từ 4-6 người. Các phòng chức năng được bố trí hợp lý, không gian thông thoáng, không bị bí bách.</p><h3 dir=\"ltr\" id=\"tiet-kiem-chi-phi-xay-dung\" style=\"margin-right: 0px; margin-bottom: 0px; margin-left: 0px; padding: 0px; box-sizing: inherit; font-size: 18px; color: rgb(76, 182, 228); font-family: Roboto, &quot;Noto Sans&quot;, -apple-system, BlinkMacSystemFont, sans-serif; letter-spacing: 0.14px; text-align: justify;\"><strong style=\"margin: 0px; padding: 0px; box-sizing: inherit;\">Tiết kiệm chi phí xây dựng</strong></h3><p dir=\"ltr\" style=\"margin-right: 0px; margin-bottom: 10px; margin-left: 0px; padding: 0px; box-sizing: inherit; white-space-collapse: preserve; overflow-wrap: break-word; color: rgb(74, 74, 74); font-family: Roboto, &quot;Noto Sans&quot;, -apple-system, BlinkMacSystemFont, sans-serif; font-size: 16px; letter-spacing: 0.14px; text-align: justify;\">Một trong những ưu điểm nổi bật của mẫu nhà ống 1 tầng 5x20m là chi phí xây dựng vừa phải, không quá cao. Đặc biệt là những cặp vợ chồng mới cưới, có điều kiện kinh tế thấp, xây nhà ở thành phố còn tốn kém nhiều chi phí hơn so với xây nhà tại nông thôn nên việc lựa chọn nhà ống 1 tầng 5x20m là hoàn toàn chính xác và đúng đắn.</p><p dir=\"ltr\" style=\"margin-right: 0px; margin-bottom: 10px; margin-left: 0px; padding: 0px; box-sizing: inherit; white-space-collapse: preserve; overflow-wrap: break-word; color: rgb(74, 74, 74); font-family: Roboto, &quot;Noto Sans&quot;, -apple-system, BlinkMacSystemFont, sans-serif; font-size: 16px; letter-spacing: 0.14px; text-align: justify;\">Với diện tích đất 100m2, chi phí xây dựng nhà ống 1 tầng 5x20m dao động từ 600 triệu đến 900 triệu đồng, tùy theo chất lượng vật liệu và nội thất gia chủ muốn sử dụng. Đây là mức giá khá hợp lý, phù hợp với điều kiện kinh tế của nhiều gia đình.</p><p dir=\"ltr\" style=\"margin-right: 0px; margin-bottom: 10px; margin-left: 0px; padding: 0px; box-sizing: inherit; white-space-collapse: preserve; overflow-wrap: break-word; color: rgb(74, 74, 74); font-family: Roboto, &quot;Noto Sans&quot;, -apple-system, BlinkMacSystemFont, sans-serif; font-size: 16px; letter-spacing: 0.14px; text-align: justify;\">Để tiết kiệm chi phí xây dựng, gia chủ có thể lựa chọn những vật liệu xây dựng có chất lượng trung bình, không cần quá cao cấp. Đồng thời, gia chủ cũng có thể tự lên ý tưởng thiết kế, thi công nhà ở để chủ động trong việc kiểm soát chi phí.</p><h3 dir=\"ltr\" id=\"tao-su-thong-thoang\" style=\"margin-right: 0px; margin-bottom: 0px; margin-left: 0px; padding: 0px; box-sizing: inherit; font-size: 18px; color: rgb(76, 182, 228); font-family: Roboto, &quot;Noto Sans&quot;, -apple-system, BlinkMacSystemFont, sans-serif; letter-spacing: 0.14px; text-align: justify;\"><strong style=\"margin: 0px; padding: 0px; box-sizing: inherit;\">Tạo sự thông thoáng</strong></h3><p dir=\"ltr\" style=\"margin-right: 0px; margin-bottom: 10px; margin-left: 0px; padding: 0px; box-sizing: inherit; white-space-collapse: preserve; overflow-wrap: break-word; color: rgb(74, 74, 74); font-family: Roboto, &quot;Noto Sans&quot;, -apple-system, BlinkMacSystemFont, sans-serif; font-size: 16px; letter-spacing: 0.14px; text-align: justify;\">Với diện tích tương đối hẹp, mẫu nhà ống 1 tầng 5x20m cần được thiết kế hiện đại, thông minh để tối ưu không gian, tạo sự thông thoáng và kết nối giữa các khu vực chức năng.</p><p dir=\"ltr\" style=\"margin-right: 0px; margin-bottom: 10px; margin-left: 0px; padding: 0px; box-sizing: inherit; white-space-collapse: preserve; overflow-wrap: break-word; color: rgb(74, 74, 74); font-family: Roboto, &quot;Noto Sans&quot;, -apple-system, BlinkMacSystemFont, sans-serif; font-size: 16px; letter-spacing: 0.14px; text-align: justify;\">Để làm được điều này, có thể tận dụng sân trước vừa làm gara ô tô, vừa trồng nhiều cây xanh. Kết hợp với vật liệu kính cường lực trong suốt, thiết kế liên thông giữa các phòng chức năng sẽ mang đến một không gian sống lý tưởng và trong lành.</p><h3 dir=\"ltr\" id=\"dap-dung-day-du-ve-cong-nang\" style=\"margin-right: 0px; margin-bottom: 0px; margin-left: 0px; padding: 0px; box-sizing: inherit; font-size: 18px; color: rgb(76, 182, 228); font-family: Roboto, &quot;Noto Sans&quot;, -apple-system, BlinkMacSystemFont, sans-serif; letter-spacing: 0.14px; text-align: justify;\"><strong style=\"margin: 0px; padding: 0px; box-sizing: inherit;\">Đáp đứng đầy đủ về công năng</strong></h3><p dir=\"ltr\" style=\"margin-right: 0px; margin-bottom: 10px; margin-left: 0px; padding: 0px; box-sizing: inherit; white-space-collapse: preserve; overflow-wrap: break-word; color: rgb(74, 74, 74); font-family: Roboto, &quot;Noto Sans&quot;, -apple-system, BlinkMacSystemFont, sans-serif; font-size: 16px; letter-spacing: 0.14px; text-align: justify;\">Mẫu nhà này có thể bố trí được đầy đủ các phòng chức năng như phòng khách, phòng bếp, phòng ăn, phòng ngủ, phòng thờ, phòng vệ sinh, kho, sân phơi… Tùy theo nhu cầu và số lượng người ở, bạn có thể thiết kế từ 2 đến 3 phòng ngủ cho mẫu nhà này.</p><h2 dir=\"ltr\" id=\"17-mau-nha-ong-1-tang-dep-5x20m-duoc-yeu-thich-nhat\" style=\"margin-right: 0px; margin-bottom: 0px; margin-left: 0px; padding: 10px 0px; box-sizing: inherit; font-size: 22px; font-weight: normal; color: rgb(74, 74, 74); font-family: Roboto, &quot;Noto Sans&quot;, -apple-system, BlinkMacSystemFont, sans-serif; letter-spacing: 0.14px; text-align: justify;\"><strong style=\"margin: 0px; padding: 0px; box-sizing: inherit;\">17+ Mẫu nhà ống 1 tầng đẹp 5x20m được yêu thích nhất</strong></h2><p dir=\"ltr\" style=\"margin-right: 0px; margin-bottom: 10px; margin-left: 0px; padding: 0px; box-sizing: inherit; white-space-collapse: preserve; overflow-wrap: break-word; color: rgb(74, 74, 74); font-family: Roboto, &quot;Noto Sans&quot;, -apple-system, BlinkMacSystemFont, sans-serif; font-size: 16px; letter-spacing: 0.14px; text-align: justify;\">Trong những năm gần đây, nhà ống 1 tầng 5x20m đang trở thành xu hướng được nhiều gia đình lựa chọn. Với diện tích vừa phải, mẫu nhà này phù hợp với những gia đình có từ 3-5 thành viên. Ngoài ra, nhà ống 1 tầng 5x20m cũng có nhiều ưu điểm như: chi phí xây dựng hợp lý, công năng sử dụng đầy đủ, dễ dàng thiết kế theo nhiều phong cách khác nhau.</p><p dir=\"ltr\" style=\"margin-right: 0px; margin-bottom: 10px; margin-left: 0px; padding: 0px; box-sizing: inherit; white-space-collapse: preserve; overflow-wrap: break-word; color: rgb(74, 74, 74); font-family: Roboto, &quot;Noto Sans&quot;, -apple-system, BlinkMacSystemFont, sans-serif; font-size: 16px; letter-spacing: 0.14px; text-align: justify;\">Dưới đây là những mẫu nhà ống 1 tầng 5x20m đẹp được yêu thích nhất hiện nay:</p><p dir=\"ltr\" style=\"margin-right: 0px; margin-bottom: 10px; margin-left: 0px; padding: 0px; box-sizing: inherit; white-space-collapse: preserve; overflow-wrap: break-word; color: rgb(74, 74, 74); font-family: Roboto, &quot;Noto Sans&quot;, -apple-system, BlinkMacSystemFont, sans-serif; font-size: 16px; letter-spacing: 0.14px; text-align: justify;\"><strong style=\"margin: 0px; padding: 0px; box-sizing: inherit;\">Mẫu nhà 5x20 1 tầng mái thái</strong></p><p dir=\"ltr\" style=\"margin-right: 0px; margin-bottom: 10px; margin-left: 0px; padding: 0px; box-sizing: inherit; white-space-collapse: preserve; overflow-wrap: break-word; color: rgb(74, 74, 74); font-family: Roboto, &quot;Noto Sans&quot;, -apple-system, BlinkMacSystemFont, sans-serif; font-size: 16px; letter-spacing: 0.14px; text-align: justify;\">Mái thái là loại mái được sử dụng phổ biến cho mẫu nhà này. Mái thái có độ dốc vừa phải, giúp thoát nước nhanh chóng, chống thấm hiệu quả và tạo nên vẻ đẹp sang trọng, bề thế cho ngôi nhà.</p><div style=\"margin: 0px; padding: 0px; box-sizing: inherit; color: rgb(74, 74, 74); font-family: Roboto, &quot;Noto Sans&quot;, -apple-system, BlinkMacSystemFont, sans-serif; font-size: 16px; letter-spacing: 0.14px; text-align: center;\"><figure class=\"image\" style=\"padding: 0px; box-sizing: inherit; display: inline-block;\"><img alt=\"\" height=\"461\" src=\"https://img.homedy.com/store/images/2024/01/18/mau-nha-ong-1-tang-dep-5x20-3-638411657605754201.jpg\" width=\"640\" style=\"margin: 0px; padding: 0px; box-sizing: inherit; max-width: 100%; height: auto; font-style: italic; border-radius: 5px;\"><figcaption style=\"margin: 0px; padding: 0px; box-sizing: inherit;\"><em style=\"margin: 0px; padding: 0px; box-sizing: inherit;\">Mẫu nhà 5x20 1 tầng mái thái - Vẻ đẹp hiện đại, tinh tế</em></figcaption></figure></div><div style=\"margin: 0px; padding: 0px; box-sizing: inherit; color: rgb(74, 74, 74); font-family: Roboto, &quot;Noto Sans&quot;, -apple-system, BlinkMacSystemFont, sans-serif; font-size: 16px; letter-spacing: 0.14px; text-align: center;\"><figure class=\"image\" style=\"padding: 0px; box-sizing: inherit; display: inline-block;\"><img alt=\"\" height=\"438\" src=\"https://img.homedy.com/store/images/2024/01/18/mau-nha-ong-1-tang-dep-5x20-4-638411657739839119.jpg\" width=\"640\" style=\"margin: 0px; padding: 0px; box-sizing: inherit; max-width: 100%; height: auto; font-style: italic; border-radius: 5px;\"><figcaption style=\"margin: 0px; padding: 0px; box-sizing: inherit;\"><em style=\"margin: 0px; padding: 0px; box-sizing: inherit;\">Mẫu nhà 5x20 1 tầng mái thái - Tối ưu diện tích, tiết kiệm chi phí</em></figcaption></figure></div><div style=\"margin: 0px; padding: 0px; box-sizing: inherit; color: rgb(74, 74, 74); font-family: Roboto, &quot;Noto Sans&quot;, -apple-system, BlinkMacSystemFont, sans-serif; font-size: 16px; letter-spacing: 0.14px; text-align: center;\"><figure class=\"image\" style=\"padding: 0px; box-sizing: inherit; display: inline-block;\"><img alt=\"\" height=\"452\" src=\"https://img.homedy.com/store/images/2024/01/18/mau-nha-ong-1-tang-dep-5x20-5-638411657914693387.jpg\" width=\"640\" style=\"margin: 0px; padding: 0px; box-sizing: inherit; max-width: 100%; height: auto; font-style: italic; border-radius: 5px;\"><figcaption style=\"margin: 0px; padding: 0px; box-sizing: inherit;\"><em style=\"margin: 0px; padding: 0px; box-sizing: inherit;\">Mẫu nhà 5x20 1 tầng mái tháp mang đến vẻ đẹp hiện đại, độc đáo và ấn tượng</em></figcaption></figure></div><p dir=\"ltr\" style=\"margin-right: 0px; margin-bottom: 10px; margin-left: 0px; padding: 0px; box-sizing: inherit; white-space-collapse: preserve; overflow-wrap: break-word; color: rgb(74, 74, 74); font-family: Roboto, &quot;Noto Sans&quot;, -apple-system, BlinkMacSystemFont, sans-serif; font-size: 16px; letter-spacing: 0.14px; text-align: justify;\">Mẫu nhà 5x20 1 tầng mái thái thường được thiết kế theo phong cách hiện đại, đơn giản nhưng vẫn sang trọng và tinh tế. Mặt tiền ngôi nhà thường được trang trí bằng những đường nét khỏe khoắn, chắc chắn, kết hợp với hệ thống cửa kính rộng lớn giúp ngôi nhà luôn thông thoáng và tràn ngập ánh sáng tự nhiên.</p><p dir=\"ltr\" style=\"margin-right: 0px; margin-bottom: 10px; margin-left: 0px; padding: 0px; box-sizing: inherit; white-space-collapse: preserve; overflow-wrap: break-word; color: rgb(74, 74, 74); font-family: Roboto, &quot;Noto Sans&quot;, -apple-system, BlinkMacSystemFont, sans-serif; font-size: 16px; letter-spacing: 0.14px; text-align: justify;\"><strong style=\"margin: 0px; padding: 0px; box-sizing: inherit;\">Mẫu nhà ống 1 tầng đẹp 5x20 mái bằng</strong></p><p dir=\"ltr\" style=\"margin-right: 0px; margin-bottom: 10px; margin-left: 0px; padding: 0px; box-sizing: inherit; white-space-collapse: preserve; overflow-wrap: break-word; color: rgb(74, 74, 74); font-family: Roboto, &quot;Noto Sans&quot;, -apple-system, BlinkMacSystemFont, sans-serif; font-size: 16px; letter-spacing: 0.14px; text-align: justify;\">Nhà mái bằng là một trong những kiểu dáng mái phổ biến nhất hiện nay, được ưa chuộng bởi tính hiện đại, nhẹ nhàng và phù hợp với nhiều phong cách kiến trúc. Kiểu mái này có thể được sử dụng ở cả thành thị và nông thôn, với nhiều kiểu dáng đa dạng, từ đơn giản đến phức tạp.</p><div style=\"margin: 0px; padding: 0px; box-sizing: inherit; color: rgb(74, 74, 74); font-family: Roboto, &quot;Noto Sans&quot;, -apple-system, BlinkMacSystemFont, sans-serif; font-size: 16px; letter-spacing: 0.14px; text-align: center;\"><figure class=\"image\" style=\"padding: 0px; box-sizing: inherit; display: inline-block;\"><img alt=\"\" height=\"377\" src=\"https://img.homedy.com/store/images/2024/01/18/mau-nha-ong-1-tang-dep-5x20-6-638411658064482778.jpg\" width=\"640\" style=\"margin: 0px; padding: 0px; box-sizing: inherit; max-width: 100%; height: auto; font-style: italic; border-radius: 5px;\"><figcaption style=\"margin: 0px; padding: 0px; box-sizing: inherit;\"><em style=\"margin: 0px; padding: 0px; box-sizing: inherit;\">Mẫu nhà ống 1 tầng 5x20 mái bằng với thiết kế đơn giản, tinh tế, sang trọng</em></figcaption></figure></div><p style=\"margin-right: 0px; margin-bottom: 10px; margin-left: 0px; padding: 0px; box-sizing: inherit; white-space-collapse: preserve; overflow-wrap: break-word; color: rgb(74, 74, 74); font-family: Roboto, &quot;Noto Sans&quot;, -apple-system, BlinkMacSystemFont, sans-serif; font-size: 16px; letter-spacing: 0.14px; text-align: justify;\">Một trong những ưu điểm nổi bật của nhà mái bằng là khả năng chống thấm và chống chịu tốt với các tác nhân xấu từ môi trường. Bên cạnh đó, mái bằng cũng có thể kết hợp với mái thái, mái chéo để tạo điểm nhấn ấn tượng cho mặt tiền ngôi nhà.&nbsp;</p><div style=\"margin: 0px; padding: 0px; box-sizing: inherit; color: rgb(74, 74, 74); font-family: Roboto, &quot;Noto Sans&quot;, -apple-system, BlinkMacSystemFont, sans-serif; font-size: 16px; letter-spacing: 0.14px; text-align: center;\"><figure class=\"image\" style=\"padding: 0px; box-sizing: inherit; display: inline-block;\"><img alt=\"\" height=\"587\" src=\"https://img.homedy.com/store/images/2024/01/18/mau-nha-ong-1-tang-dep-5x20-7-638411658238023622.jpg\" width=\"640\" style=\"margin: 0px; padding: 0px; box-sizing: inherit; max-width: 100%; height: auto; font-style: italic; border-radius: 5px;\"><figcaption style=\"margin: 0px; padding: 0px; box-sizing: inherit;\"><em style=\"margin: 0px; padding: 0px; box-sizing: inherit;\">Mẫu nhà ống 1 tầng mái bằng 5x20 đẹp, hiện đại, tối ưu không gian</em></figcaption></figure></div><div style=\"margin: 0px; padding: 0px; box-sizing: inherit; color: rgb(74, 74, 74); font-family: Roboto, &quot;Noto Sans&quot;, -apple-system, BlinkMacSystemFont, sans-serif; font-size: 16px; letter-spacing: 0.14px; text-align: center;\"><figure class=\"image\" style=\"padding: 0px; box-sizing: inherit; display: inline-block;\"><img alt=\"\" height=\"512\" src=\"https://img.homedy.com/store/images/2024/01/18/mau-nha-ong-1-tang-dep-5x20-8-638411658406680227.jpg\" width=\"640\" style=\"margin: 0px; padding: 0px; box-sizing: inherit; max-width: 100%; height: auto; font-style: italic; border-radius: 5px;\"><figcaption style=\"margin: 0px; padding: 0px; box-sizing: inherit;\"><em style=\"margin: 0px; padding: 0px; box-sizing: inherit;\">Mẫu nhà ống 1 tầng 5x20 mái bằng với khoảng sân vườn rộng rãi, thoáng mát</em></figcaption></figure></div><p dir=\"ltr\" style=\"margin-right: 0px; margin-bottom: 10px; margin-left: 0px; padding: 0px; box-sizing: inherit; white-space-collapse: preserve; overflow-wrap: break-word; color: rgb(74, 74, 74); font-family: Roboto, &quot;Noto Sans&quot;, -apple-system, BlinkMacSystemFont, sans-serif; font-size: 16px; letter-spacing: 0.14px; text-align: justify;\">Để gia tăng thêm nét đẹp trẻ trung và mới mẻ cho mẫu nhà ống 1 tầng đẹp 5×20, gia chủ có thể sử dụng gam màu trắng chủ đạo, kết hợp với vật liệu mới và các hình khối vuông vức. Ngoài ra, khoảng sân rộng rãi trước nhà có thể được tận dụng làm sân chơi hoặc sân vườn.</p><p dir=\"ltr\" style=\"margin-right: 0px; margin-bottom: 10px; margin-left: 0px; padding: 0px; box-sizing: inherit; white-space-collapse: preserve; overflow-wrap: break-word; color: rgb(74, 74, 74); font-family: Roboto, &quot;Noto Sans&quot;, -apple-system, BlinkMacSystemFont, sans-serif; font-size: 16px; letter-spacing: 0.14px; text-align: justify;\"><strong style=\"margin: 0px; padding: 0px; box-sizing: inherit;\">Mẫu nhà ống 1 tầng đẹp 5x20 mái lệch</strong></p><p dir=\"ltr\" style=\"margin-right: 0px; margin-bottom: 10px; margin-left: 0px; padding: 0px; box-sizing: inherit; white-space-collapse: preserve; overflow-wrap: break-word; color: rgb(74, 74, 74); font-family: Roboto, &quot;Noto Sans&quot;, -apple-system, BlinkMacSystemFont, sans-serif; font-size: 16px; letter-spacing: 0.14px; text-align: justify;\">Nhà ống 1 tầng đẹp 5x20 mái lệch là một trong những mẫu nhà được ưa chuộng hiện nay. Với diện tích mặt tiền hạn chế, mẫu nhà này được thiết kế tối giản, gọn gàng nhưng vẫn đảm bảo đầy đủ công năng sử dụng.</p><div style=\"margin: 0px; padding: 0px; box-sizing: inherit; color: rgb(74, 74, 74); font-family: Roboto, &quot;Noto Sans&quot;, -apple-system, BlinkMacSystemFont, sans-serif; font-size: 16px; letter-spacing: 0.14px; text-align: center;\"><figure class=\"image\" style=\"padding: 0px; box-sizing: inherit; display: inline-block;\"><img alt=\"\" height=\"425\" src=\"https://img.homedy.com/store/images/2024/01/18/mau-nha-ong-1-tang-dep-5x20-9-638411658738117713.jpg\" width=\"640\" style=\"margin: 0px; padding: 0px; box-sizing: inherit; max-width: 100%; height: auto; font-style: italic; border-radius: 5px;\"><figcaption style=\"margin: 0px; padding: 0px; box-sizing: inherit;\"><em style=\"margin: 0px; padding: 0px; box-sizing: inherit;\">Mẫu nhà ống 1 tầng mái lệch có diện tích 5x20, tận dụng tối đa không gian sử dụng</em></figcaption></figure></div><p dir=\"ltr\" style=\"margin-right: 0px; margin-bottom: 10px; margin-left: 0px; padding: 0px; box-sizing: inherit; white-space-collapse: preserve; overflow-wrap: break-word; color: rgb(74, 74, 74); font-family: Roboto, &quot;Noto Sans&quot;, -apple-system, BlinkMacSystemFont, sans-serif; font-size: 16px; letter-spacing: 0.14px; text-align: justify;\">Điểm nhấn của mặt tiền nhà ống 1 tầng mái lệch là hệ mái được thiết kế cách điệu, lệch về một phía. Mái lệch không chỉ giúp ngôi nhà trở nên hiện đại, trẻ trung mà còn giúp thoát nước tốt hơn, tránh tích tụ nước mưa gây ẩm mốc.</p><div style=\"margin: 0px; padding: 0px; box-sizing: inherit; color: rgb(74, 74, 74); font-family: Roboto, &quot;Noto Sans&quot;, -apple-system, BlinkMacSystemFont, sans-serif; font-size: 16px; letter-spacing: 0.14px; text-align: center;\"><figure class=\"image\" style=\"padding: 0px; box-sizing: inherit; display: inline-block;\"><img alt=\"\" height=\"512\" src=\"https://img.homedy.com/store/images/2024/01/18/mau-nha-ong-1-tang-dep-5x20-10-638411658939874720.jpg\" width=\"640\" style=\"margin: 0px; padding: 0px; box-sizing: inherit; max-width: 100%; height: auto; font-style: italic; border-radius: 5px;\"><figcaption style=\"margin: 0px; padding: 0px; box-sizing: inherit;\"><em style=\"margin: 0px; padding: 0px; box-sizing: inherit;\">Mẫu nhà ống 1 tầng mái lệch sử dụng gam màu trung tính, tạo cảm giác rộng rãi và thoáng mát</em></figcaption></figure></div><div style=\"margin: 0px; padding: 0px; box-sizing: inherit; color: rgb(74, 74, 74); font-family: Roboto, &quot;Noto Sans&quot;, -apple-system, BlinkMacSystemFont, sans-serif; font-size: 16px; letter-spacing: 0.14px; text-align: center;\"><figure class=\"image\" style=\"padding: 0px; box-sizing: inherit; display: inline-block;\"><img alt=\"\" height=\"512\" src=\"https://img.homedy.com/store/images/2024/01/18/mau-nha-ong-1-tang-dep-5x20-11-638411659107551894.jpg\" width=\"640\" style=\"margin: 0px; padding: 0px; box-sizing: inherit; max-width: 100%; height: auto; font-style: italic; border-radius: 5px;\"><figcaption style=\"margin: 0px; padding: 0px; box-sizing: inherit;\"><em style=\"margin: 0px; padding: 0px; box-sizing: inherit;\">Mẫu nhà ống 1 tầng mái lệch có hệ thống cửa kính rộng lớn, lấy sáng tự nhiên tốt</em></figcaption></figure></div><p dir=\"ltr\" style=\"margin-right: 0px; margin-bottom: 10px; margin-left: 0px; padding: 0px; box-sizing: inherit; white-space-collapse: preserve; overflow-wrap: break-word; color: rgb(74, 74, 74); font-family: Roboto, &quot;Noto Sans&quot;, -apple-system, BlinkMacSystemFont, sans-serif; font-size: 16px; letter-spacing: 0.14px; text-align: justify;\">Mặt tiền nhà ống 1 tầng mái lệch thường được sử dụng các gam màu trung tính như trắng, xám, be,... để tạo cảm giác rộng rãi và thoáng mát. Ngoài ra, các chi tiết trang trí như cửa, cửa sổ, ban công,... cũng được thiết kế đơn giản, tinh tế để tạo sự hài hòa cho tổng thể ngôi nhà.</p><p dir=\"ltr\" style=\"margin-right: 0px; margin-bottom: 10px; margin-left: 0px; padding: 0px; box-sizing: inherit; white-space-collapse: preserve; overflow-wrap: break-word; color: rgb(74, 74, 74); font-family: Roboto, &quot;Noto Sans&quot;, -apple-system, BlinkMacSystemFont, sans-serif; font-size: 16px; letter-spacing: 0.14px; text-align: justify;\"><strong style=\"margin: 0px; padding: 0px; box-sizing: inherit;\">Mẫu nhà ống 1 tầng đẹp 5x20 mái tôn</strong></p><p dir=\"ltr\" style=\"margin-right: 0px; margin-bottom: 10px; margin-left: 0px; padding: 0px; box-sizing: inherit; white-space-collapse: preserve; overflow-wrap: break-word; color: rgb(74, 74, 74); font-family: Roboto, &quot;Noto Sans&quot;, -apple-system, BlinkMacSystemFont, sans-serif; font-size: 16px; letter-spacing: 0.14px; text-align: justify;\">Mẫu nhà ống 1 tầng đẹp 5x20 mái tôn là một lựa chọn phù hợp cho những gia đình có diện tích đất hạn chế và muốn có một không gian sống hiện đại, tiện nghi và tiết kiệm chi phí. Nhà ống 1 tầng có thiết kế đơn giản nhưng không kém phần sang trọng, với màu sắc trung tính, hệ thống cửa sổ lớn để đón ánh sáng và gió tự nhiên, và mái tôn chống nóng chống ồn.</p><div style=\"margin: 0px; padding: 0px; box-sizing: inherit; color: rgb(74, 74, 74); font-family: Roboto, &quot;Noto Sans&quot;, -apple-system, BlinkMacSystemFont, sans-serif; font-size: 16px; letter-spacing: 0.14px; text-align: center;\"><figure class=\"image\" style=\"padding: 0px; box-sizing: inherit; display: inline-block;\"><img alt=\"\" height=\"480\" src=\"https://img.homedy.com/store/images/2024/01/18/mau-nha-ong-1-tang-dep-5x20-12-638411659293292713.jpg\" width=\"640\" style=\"margin: 0px; padding: 0px; box-sizing: inherit; max-width: 100%; height: auto; font-style: italic; border-radius: 5px;\"><figcaption style=\"margin: 0px; padding: 0px; box-sizing: inherit;\"><em style=\"margin: 0px; padding: 0px; box-sizing: inherit;\">Mẫu nhà ống 1 tầng mái tôn là lựa chọn phù hợp cho những gia đình có diện tích đất hạn chế</em></figcaption></figure></div><div style=\"margin: 0px; padding: 0px; box-sizing: inherit; color: rgb(74, 74, 74); font-family: Roboto, &quot;Noto Sans&quot;, -apple-system, BlinkMacSystemFont, sans-serif; font-size: 16px; letter-spacing: 0.14px; text-align: center;\"><figure class=\"image\" style=\"padding: 0px; box-sizing: inherit; display: inline-block;\"><img alt=\"\" height=\"723\" src=\"https://img.homedy.com/store/images/2024/01/18/mau-nha-ong-1-tang-dep-5x20-13-638411659460721474.jpg\" width=\"640\" style=\"margin: 0px; padding: 0px; box-sizing: inherit; max-width: 100%; height: auto; font-style: italic; border-radius: 5px;\"><figcaption style=\"margin: 0px; padding: 0px; box-sizing: inherit;\"><em style=\"margin: 0px; padding: 0px; box-sizing: inherit;\">Mẫu nhà ống 1 tầng mái tôn với thiết kế thông thoáng, mát mẻ</em></figcaption></figure></div><div style=\"margin: 0px; padding: 0px; box-sizing: inherit; color: rgb(74, 74, 74); font-family: Roboto, &quot;Noto Sans&quot;, -apple-system, BlinkMacSystemFont, sans-serif; font-size: 16px; letter-spacing: 0.14px; text-align: center;\"><figure class=\"image\" style=\"padding: 0px; box-sizing: inherit; display: inline-block;\"><img alt=\"\" height=\"452\" src=\"https://img.homedy.com/store/images/2024/01/18/mau-nha-ong-1-tang-dep-5x20-14-638411659621599073.jpg\" width=\"640\" style=\"margin: 0px; padding: 0px; box-sizing: inherit; max-width: 100%; height: auto; font-style: italic; border-radius: 5px;\"><figcaption style=\"margin: 0px; padding: 0px; box-sizing: inherit;\"><em style=\"margin: 0px; padding: 0px; box-sizing: inherit;\">Mẫu nhà ống 1 tầng mái tôn đẹp hiện đại, đáp ứng mọi nhu cầu sinh hoạt của gia đình</em></figcaption></figure></div><p dir=\"ltr\" style=\"margin-right: 0px; margin-bottom: 10px; margin-left: 0px; padding: 0px; box-sizing: inherit; white-space-collapse: preserve; overflow-wrap: break-word; color: rgb(74, 74, 74); font-family: Roboto, &quot;Noto Sans&quot;, -apple-system, BlinkMacSystemFont, sans-serif; font-size: 16px; letter-spacing: 0.14px; text-align: justify;\">Nhà ống 1 tầng bao gồm các phòng chức năng như phòng khách, phòng ngủ, phòng bếp, phòng vệ sinh và sân trước để để xe hoặc trồng cây xanh. Nhà ống 1 tầng cũng dễ dàng bố trí đồ đạc và trang trí theo sở thích của gia chủ, tạo nên một không gian ấm cúng và thoải mái.</p><p dir=\"ltr\" style=\"margin-right: 0px; margin-bottom: 10px; margin-left: 0px; padding: 0px; box-sizing: inherit; white-space-collapse: preserve; overflow-wrap: break-word; color: rgb(74, 74, 74); font-family: Roboto, &quot;Noto Sans&quot;, -apple-system, BlinkMacSystemFont, sans-serif; font-size: 16px; letter-spacing: 0.14px; text-align: justify;\"><strong style=\"margin: 0px; padding: 0px; box-sizing: inherit;\">Mẫu nhà ống 1 tầng đẹp 5x20 thiết kế hiện đại</strong></p><p dir=\"ltr\" style=\"margin-right: 0px; margin-bottom: 10px; margin-left: 0px; padding: 0px; box-sizing: inherit; white-space-collapse: preserve; overflow-wrap: break-word; color: rgb(74, 74, 74); font-family: Roboto, &quot;Noto Sans&quot;, -apple-system, BlinkMacSystemFont, sans-serif; font-size: 16px; letter-spacing: 0.14px; text-align: justify;\">Mẫu nhà ống 1 tầng đẹp 5x20 thiết kế hiện đại là một trong những lựa chọn được nhiều gia đình lựa chọn hiện nay. Với diện tích đất hạn chế, mẫu nhà này vẫn đảm bảo được đầy đủ công năng sử dụng và mang lại vẻ đẹp hiện đại, sang trọng cho ngôi nhà.</p><p dir=\"ltr\" style=\"margin-right: 0px; margin-bottom: 10px; margin-left: 0px; padding: 0px; box-sizing: inherit; white-space-collapse: preserve; overflow-wrap: break-word; color: rgb(74, 74, 74); font-family: Roboto, &quot;Noto Sans&quot;, -apple-system, BlinkMacSystemFont, sans-serif; font-size: 16px; letter-spacing: 0.14px; text-align: justify;\">Mặt tiền của mẫu nhà ống 1 tầng đẹp 5x20 thiết kế hiện đại thường được thiết kế đơn giản, gọn gàng với những đường nét khỏe khoắn, hiện đại. Màu sắc sơn tường thường là những màu sáng như trắng, kem, vàng nhạt... giúp ngôi nhà trở nên sáng sủa, thoáng mát hơn.</p><div style=\"margin: 0px; padding: 0px; box-sizing: inherit; color: rgb(74, 74, 74); font-family: Roboto, &quot;Noto Sans&quot;, -apple-system, BlinkMacSystemFont, sans-serif; font-size: 16px; letter-spacing: 0.14px; text-align: center;\"><figure class=\"image\" style=\"padding: 0px; box-sizing: inherit; display: inline-block;\"><img alt=\"\" height=\"358\" src=\"https://img.homedy.com/store/images/2024/01/18/mau-nha-ong-1-tang-dep-5x20-15-638411659811052756.jpg\" width=\"640\" style=\"margin: 0px; padding: 0px; box-sizing: inherit; max-width: 100%; height: auto; font-style: italic; border-radius: 5px;\"><figcaption style=\"margin: 0px; padding: 0px; box-sizing: inherit;\"><em style=\"margin: 0px; padding: 0px; box-sizing: inherit;\">Mẫu nhà ống 1 tầng 5x20 hiện đại với thiết kế tối giản, sang trọng</em></figcaption></figure></div><div style=\"margin: 0px; padding: 0px; box-sizing: inherit; color: rgb(74, 74, 74); font-family: Roboto, &quot;Noto Sans&quot;, -apple-system, BlinkMacSystemFont, sans-serif; font-size: 16px; letter-spacing: 0.14px; text-align: center;\"><figure class=\"image\" style=\"padding: 0px; box-sizing: inherit; display: inline-block;\"><img alt=\"\" height=\"414\" src=\"https://img.homedy.com/store/images/2024/01/18/mau-nha-ong-1-tang-dep-5x20-16-638411659968929270.jpg\" width=\"640\" style=\"margin: 0px; padding: 0px; box-sizing: inherit; max-width: 100%; height: auto; font-style: italic; border-radius: 5px;\"><figcaption style=\"margin: 0px; padding: 0px; box-sizing: inherit;\"><em style=\"margin: 0px; padding: 0px; box-sizing: inherit;\">Mẫu nhà ống 1 tầng với hệ thống cửa kính lớn, giúp đón nhiều ánh sáng tự nhiên</em></figcaption></figure></div><div style=\"margin: 0px; padding: 0px; box-sizing: inherit; color: rgb(74, 74, 74); font-family: Roboto, &quot;Noto Sans&quot;, -apple-system, BlinkMacSystemFont, sans-serif; font-size: 16px; letter-spacing: 0.14px; text-align: center;\"><figure class=\"image\" style=\"padding: 0px; box-sizing: inherit; display: inline-block;\"><img alt=\"\" height=\"380\" src=\"https://img.homedy.com/store/images/2024/01/18/mau-nha-ong-1-tang-dep-5x20-18-638411660122838981.jpg\" width=\"640\" style=\"margin: 0px; padding: 0px; box-sizing: inherit; max-width: 100%; height: auto; font-style: italic; border-radius: 5px;\"><figcaption style=\"margin: 0px; padding: 0px; box-sizing: inherit;\"><em style=\"margin: 0px; padding: 0px; box-sizing: inherit;\">Mẫu nhà ống 1 tầng 5x20 với khoảng sân rộng rãi, thoáng mát</em></figcaption></figure></div><p dir=\"ltr\" style=\"margin-right: 0px; margin-bottom: 10px; margin-left: 0px; padding: 0px; box-sizing: inherit; white-space-collapse: preserve; overflow-wrap: break-word; color: rgb(74, 74, 74); font-family: Roboto, &quot;Noto Sans&quot;, -apple-system, BlinkMacSystemFont, sans-serif; font-size: 16px; letter-spacing: 0.14px; text-align: justify;\">Với kiến trúc mở và thông thoáng, ngôi nhà tận dụng tối đa ánh sáng tự nhiên, tạo cảm giác thoải mái và gần gũi với thiên nhiên. Việc bố trí các cửa sổ và cửa kính lớn giúp ngôi nhà nhận được nhiều ánh sáng mặt trời từ đó tạo nên một môi trường sống hiện đại, thông thoáng.</p><p dir=\"ltr\" style=\"margin-right: 0px; margin-bottom: 10px; margin-left: 0px; padding: 0px; box-sizing: inherit; white-space-collapse: preserve; overflow-wrap: break-word; color: rgb(74, 74, 74); font-family: Roboto, &quot;Noto Sans&quot;, -apple-system, BlinkMacSystemFont, sans-serif; font-size: 16px; letter-spacing: 0.14px; text-align: justify;\"><strong style=\"margin: 0px; padding: 0px; box-sizing: inherit;\">Mẫu nhà ống 1 tầng có gác lửng 5x20</strong></p><p dir=\"ltr\" style=\"margin-right: 0px; margin-bottom: 10px; margin-left: 0px; padding: 0px; box-sizing: inherit; white-space-collapse: preserve; overflow-wrap: break-word; color: rgb(74, 74, 74); font-family: Roboto, &quot;Noto Sans&quot;, -apple-system, BlinkMacSystemFont, sans-serif; font-size: 16px; letter-spacing: 0.14px; text-align: justify;\">Mẫu nhà ống 1 tầng có gác lửng 5x20 là một giải pháp thiết kế hiệu quả cho những ngôi nhà có diện tích hẹp nhưng vẫn muốn có đầy đủ các không gian chức năng. Với mẫu nhà này, bạn có thể tận dụng phần gác lửng để bố trí thêm phòng ngủ, phòng thờ, phòng làm việc hay phòng giải trí tùy theo nhu cầu và sở thích của mình. Phần gác lửng cũng giúp tăng thêm diện tích sử dụng cho ngôi nhà mà không làm tăng chi phí xây dựng quá nhiều.</p><div style=\"margin: 0px; padding: 0px; box-sizing: inherit; color: rgb(74, 74, 74); font-family: Roboto, &quot;Noto Sans&quot;, -apple-system, BlinkMacSystemFont, sans-serif; font-size: 16px; letter-spacing: 0.14px; text-align: center;\"><figure class=\"image\" style=\"padding: 0px; box-sizing: inherit; display: inline-block;\"><img alt=\"\" height=\"769\" src=\"https://img.homedy.com/store/images/2024/01/18/mau-nha-ong-1-tang-dep-5x20-19-638411660304234831.jpg\" width=\"640\" style=\"margin: 0px; padding: 0px; box-sizing: inherit; max-width: 100%; height: auto; font-style: italic; border-radius: 5px;\"><figcaption style=\"margin: 0px; padding: 0px; box-sizing: inherit;\"><em style=\"margin: 0px; padding: 0px; box-sizing: inherit;\">Kiểu dáng hiện đại, sang trọng, phù hợp với xu hướng thiết kế nhà ở hiện nay</em></figcaption></figure></div><div style=\"margin: 0px; padding: 0px; box-sizing: inherit; color: rgb(74, 74, 74); font-family: Roboto, &quot;Noto Sans&quot;, -apple-system, BlinkMacSystemFont, sans-serif; font-size: 16px; letter-spacing: 0.14px; text-align: center;\"><figure class=\"image\" style=\"padding: 0px; box-sizing: inherit; display: inline-block;\"><img alt=\"\" height=\"492\" src=\"https://img.homedy.com/store/images/2024/01/18/mau-nha-ong-1-tang-dep-5x20-20-638411660636276218.jpg\" width=\"640\" style=\"margin: 0px; padding: 0px; box-sizing: inherit; max-width: 100%; height: auto; font-style: italic; border-radius: 5px;\"><figcaption style=\"margin: 0px; padding: 0px; box-sizing: inherit;\"><em style=\"margin: 0px; padding: 0px; box-sizing: inherit;\">Nhà ống 1 tầng có gác lửng 5x20 thích hợp nhiều phong cách thiết kế khác nhau</em></figcaption></figure></div><div style=\"margin: 0px; padding: 0px; box-sizing: inherit; color: rgb(74, 74, 74); font-family: Roboto, &quot;Noto Sans&quot;, -apple-system, BlinkMacSystemFont, sans-serif; font-size: 16px; letter-spacing: 0.14px; text-align: center;\"><figure class=\"image\" style=\"padding: 0px; box-sizing: inherit; display: inline-block;\"><img alt=\"\" height=\"480\" src=\"https://img.homedy.com/store/images/2024/01/18/mau-nha-ong-1-tang-dep-5x20-21-638411660892063201.jpg\" width=\"640\" style=\"margin: 0px; padding: 0px; box-sizing: inherit; max-width: 100%; height: auto; font-style: italic; border-radius: 5px;\"><figcaption style=\"margin: 0px; padding: 0px; box-sizing: inherit;\"><em style=\"margin: 0px; padding: 0px; box-sizing: inherit;\">Mẫu nhà ống 1 tầng có gác lửng 5x20 - Ngôi nhà mơ ước của mọi gia đình</em></figcaption></figure></div><p dir=\"ltr\" style=\"margin-right: 0px; margin-bottom: 10px; margin-left: 0px; padding: 0px; box-sizing: inherit; white-space-collapse: preserve; overflow-wrap: break-word; color: rgb(74, 74, 74); font-family: Roboto, &quot;Noto Sans&quot;, -apple-system, BlinkMacSystemFont, sans-serif; font-size: 16px; letter-spacing: 0.14px; text-align: justify;\">Mẫu nhà ống 1 tầng có gác lửng 5x20 có nhiều phong cách thiết kế khác nhau, từ hiện đại, cổ điển, đến nhiệt đới hay tân cổ điển. Bạn có thể lựa chọn kiểu mái nhà, màu sắc, vật liệu và nội thất phù hợp với gu thẩm mỹ của mình.</p><p dir=\"ltr\" style=\"margin-right: 0px; margin-bottom: 10px; margin-left: 0px; padding: 0px; box-sizing: inherit; white-space-collapse: preserve; overflow-wrap: break-word; color: rgb(74, 74, 74); font-family: Roboto, &quot;Noto Sans&quot;, -apple-system, BlinkMacSystemFont, sans-serif; font-size: 16px; letter-spacing: 0.14px; text-align: justify;\"><em style=\"margin: 0px; padding: 0px; box-sizing: inherit;\"><strong style=\"margin: 0px; padding: 0px; box-sizing: inherit;\">XEM THÊM:&nbsp;</strong></em></p><ul style=\"margin-right: 0px; margin-bottom: 0px; margin-left: 0px; padding: 0px 0px 0px 40px; box-sizing: inherit; list-style-position: initial; list-style-image: initial; appearance: unset; color: rgb(74, 74, 74); font-family: Roboto, &quot;Noto Sans&quot;, -apple-system, BlinkMacSystemFont, sans-serif; font-size: 16px; letter-spacing: 0.14px;\"><li dir=\"ltr\" style=\"margin: 0px; padding: 0px; box-sizing: inherit;\"><p dir=\"ltr\" style=\"margin-right: 0px; margin-bottom: 10px; margin-left: 0px; padding: 0px; box-sizing: inherit; white-space-collapse: preserve; overflow-wrap: break-word; text-align: justify;\"><em style=\"margin: 0px; padding: 0px; box-sizing: inherit;\"><strong style=\"margin: 0px; padding: 0px; box-sizing: inherit;\"><a href=\"https://homedy.com/news/10-mau-nha-gac-lung-dep-hien-dai-khong-the-bo-qua-ne4189\" style=\"margin: 0px; padding: 0px; box-sizing: inherit; text-decoration: none; color: rgb(0, 152, 218); overflow-wrap: break-word; transition: color 0.3s cubic-bezier(0.25, 0.8, 0.25, 1) 0s, background-color, opacity;\">10 mẫu nhà gác lửng đẹp hiện đại không thể bỏ qua</a></strong></em></p></li><li dir=\"ltr\" style=\"margin: 0px; padding: 0px; box-sizing: inherit;\"><p dir=\"ltr\" style=\"margin-right: 0px; margin-bottom: 10px; margin-left: 0px; padding: 0px; box-sizing: inherit; white-space-collapse: preserve; overflow-wrap: break-word; text-align: justify;\"><em style=\"margin: 0px; padding: 0px; box-sizing: inherit;\"><strong style=\"margin: 0px; padding: 0px; box-sizing: inherit;\"><a href=\"https://homedy.com/news/nhung-mau-thiet-ke-nha-cap-4-co-gac-lung-vua-dep-vua-tien-nghi-khong-the-bo-qua-ne3438\" style=\"margin: 0px; padding: 0px; box-sizing: inherit; text-decoration: none; color: rgb(0, 152, 218); overflow-wrap: break-word; transition: color 0.3s cubic-bezier(0.25, 0.8, 0.25, 1) 0s, background-color, opacity;\">Những mẫu thiết kế nhà cấp 4 có gác lửng vừa đẹp vừa tiện nghi không thể bỏ qua</a></strong></em></p></li></ul><p dir=\"ltr\" style=\"margin-right: 0px; margin-bottom: 10px; margin-left: 0px; padding: 0px; box-sizing: inherit; white-space-collapse: preserve; overflow-wrap: break-word; color: rgb(74, 74, 74); font-family: Roboto, &quot;Noto Sans&quot;, -apple-system, BlinkMacSystemFont, sans-serif; font-size: 16px; letter-spacing: 0.14px; text-align: justify;\"><strong style=\"margin: 0px; padding: 0px; box-sizing: inherit;\">Mẫu nhà ống 1 tầng đẹp 5x20 ở nông thôn</strong></p><p dir=\"ltr\" style=\"margin-right: 0px; margin-bottom: 10px; margin-left: 0px; padding: 0px; box-sizing: inherit; white-space-collapse: preserve; overflow-wrap: break-word; color: rgb(74, 74, 74); font-family: Roboto, &quot;Noto Sans&quot;, -apple-system, BlinkMacSystemFont, sans-serif; font-size: 16px; letter-spacing: 0.14px; text-align: justify;\">Nhà ống 1 tầng đẹp 5x20 là một trong những mẫu nhà được ưa chuộng nhất hiện nay. Với diện tích vừa phải, chi phí xây dựng hợp lý, mẫu nhà này phù hợp với nhiều gia đình nông thôn.</p><p dir=\"ltr\" style=\"margin-right: 0px; margin-bottom: 10px; margin-left: 0px; padding: 0px; box-sizing: inherit; white-space-collapse: preserve; overflow-wrap: break-word; color: rgb(74, 74, 74); font-family: Roboto, &quot;Noto Sans&quot;, -apple-system, BlinkMacSystemFont, sans-serif; font-size: 16px; letter-spacing: 0.14px; text-align: justify;\">Mẫu nhà ống 1 tầng 5x20 ở nông thôn thường được thiết kế theo phong cách đơn giản. Mặt tiền của ngôi nhà thường được sử dụng các vật liệu như gạch thẻ, đá ốp, kính cường lực,... để tạo vẻ đẹp sang trọng và hiện đại.</p><div style=\"margin: 0px; padding: 0px; box-sizing: inherit; color: rgb(74, 74, 74); font-family: Roboto, &quot;Noto Sans&quot;, -apple-system, BlinkMacSystemFont, sans-serif; font-size: 16px; letter-spacing: 0.14px; text-align: center;\"><figure class=\"image\" style=\"padding: 0px; box-sizing: inherit; display: inline-block;\"><img alt=\"\" height=\"739\" src=\"https://img.homedy.com/store/images/2024/01/18/mau-nha-ong-1-tang-dep-5x20-22-638411661082628479.jpg\" width=\"640\" style=\"margin: 0px; padding: 0px; box-sizing: inherit; max-width: 100%; height: auto; font-style: italic; border-radius: 5px;\"><figcaption style=\"margin: 0px; padding: 0px; box-sizing: inherit;\"><em style=\"margin: 0px; padding: 0px; box-sizing: inherit;\">Vẻ đẹp hiện đại, sang trọng giữa không gian làng quê thanh bình</em></figcaption></figure></div><div style=\"margin: 0px; padding: 0px; box-sizing: inherit; color: rgb(74, 74, 74); font-family: Roboto, &quot;Noto Sans&quot;, -apple-system, BlinkMacSystemFont, sans-serif; font-size: 16px; letter-spacing: 0.14px; text-align: center;\"><figure class=\"image\" style=\"padding: 0px; box-sizing: inherit; display: inline-block;\"><img alt=\"\" height=\"360\" src=\"https://img.homedy.com/store/images/2024/01/18/mau-nha-ong-1-tang-dep-5x20-23-638411661262311638.jpg\" width=\"640\" style=\"margin: 0px; padding: 0px; box-sizing: inherit; max-width: 100%; height: auto; font-style: italic; border-radius: 5px;\"><figcaption style=\"margin: 0px; padding: 0px; box-sizing: inherit;\"><em style=\"margin: 0px; padding: 0px; box-sizing: inherit;\">Mẫu nhà ống 1 tầng 5x20 ở nông thôn - Không gian sống tiện nghi, thoải mái cho gia đình nhỏ</em></figcaption></figure></div><div style=\"margin: 0px; padding: 0px; box-sizing: inherit; color: rgb(74, 74, 74); font-family: Roboto, &quot;Noto Sans&quot;, -apple-system, BlinkMacSystemFont, sans-serif; font-size: 16px; letter-spacing: 0.14px; text-align: center;\"><figure class=\"image\" style=\"padding: 0px; box-sizing: inherit; display: inline-block;\"><img alt=\"\" height=\"434\" src=\"https://img.homedy.com/store/images/2024/01/18/mau-nha-ong-1-tang-dep-5x20-24-638411661415488185.jpg\" width=\"640\" style=\"margin: 0px; padding: 0px; box-sizing: inherit; max-width: 100%; height: auto; font-style: italic; border-radius: 5px;\"><figcaption style=\"margin: 0px; padding: 0px; box-sizing: inherit;\"><em style=\"margin: 0px; padding: 0px; box-sizing: inherit;\">Mẫu nhà này giúp tối ưu công năng sử dụng, mang đến cuộc sống tiện nghi cho gia đình</em></figcaption></figure></div><p dir=\"ltr\" style=\"margin-right: 0px; margin-bottom: 10px; margin-left: 0px; padding: 0px; box-sizing: inherit; white-space-collapse: preserve; overflow-wrap: break-word; color: rgb(74, 74, 74); font-family: Roboto, &quot;Noto Sans&quot;, -apple-system, BlinkMacSystemFont, sans-serif; font-size: 16px; letter-spacing: 0.14px; text-align: justify;\"><strong style=\"margin: 0px; padding: 0px; box-sizing: inherit;\">Mẫu nhà ống 1 tầng đẹp 5x20 giá rẻ</strong></p><p dir=\"ltr\" style=\"margin-right: 0px; margin-bottom: 10px; margin-left: 0px; padding: 0px; box-sizing: inherit; white-space-collapse: preserve; overflow-wrap: break-word; color: rgb(74, 74, 74); font-family: Roboto, &quot;Noto Sans&quot;, -apple-system, BlinkMacSystemFont, sans-serif; font-size: 16px; letter-spacing: 0.14px; text-align: justify;\">Mẫu nhà ống 1 tầng đẹp 5x20 giá rẻ là lựa chọn phù hợp cho những gia đình có diện tích đất hạn chế và kinh tế không dư dả. Với thiết kế nhà ống, bạn có thể tận dụng tối đa không gian sử dụng, tạo sự thông thoáng và tiết kiệm chi phí xây dựng.&nbsp;</p><p dir=\"ltr\" style=\"margin-right: 0px; margin-bottom: 10px; margin-left: 0px; padding: 0px; box-sizing: inherit; white-space-collapse: preserve; overflow-wrap: break-word; color: rgb(74, 74, 74); font-family: Roboto, &quot;Noto Sans&quot;, -apple-system, BlinkMacSystemFont, sans-serif; font-size: 16px; letter-spacing: 0.14px; text-align: justify;\">Bạn cũng có thể thêm gác lửng, mái bằng, mái xiên, mái ngói hay mái thái để tăng thêm tính thẩm mỹ và công năng cho ngôi nhà. Ngoài ra, bạn cũng nên chú ý đến màu sắc, vật liệu và nội thất để tạo nên một không gian sống ấm cúng và hiện đại.</p><div style=\"margin: 0px; padding: 0px; box-sizing: inherit; color: rgb(74, 74, 74); font-family: Roboto, &quot;Noto Sans&quot;, -apple-system, BlinkMacSystemFont, sans-serif; font-size: 16px; letter-spacing: 0.14px; text-align: center;\"><figure class=\"image\" style=\"padding: 0px; box-sizing: inherit; display: inline-block;\"><img alt=\"\" height=\"480\" src=\"https://img.homedy.com/store/images/2024/01/18/mau-nha-ong-1-tang-dep-5x20-25-638411671739631523.jpg\" width=\"640\" style=\"margin: 0px; padding: 0px; box-sizing: inherit; max-width: 100%; height: auto; font-style: italic; border-radius: 5px;\"><figcaption style=\"margin: 0px; padding: 0px; box-sizing: inherit;\"><em style=\"margin: 0px; padding: 0px; box-sizing: inherit;\">Mẫu nhà ống 1 tầng 5x20 thiết kế đơn giản, hiện đại, phù hợp với nhiều gia đình</em></figcaption></figure></div><div style=\"margin: 0px; padding: 0px; box-sizing: inherit; color: rgb(74, 74, 74); font-family: Roboto, &quot;Noto Sans&quot;, -apple-system, BlinkMacSystemFont, sans-serif; font-size: 16px; letter-spacing: 0.14px; text-align: center;\"><br></div>', 2, 1, NULL, 1, '2024-04-16 00:58:37', '2024-04-26 03:02:29');
INSERT INTO `news` (`id`, `title`, `short_desc`, `images`, `date`, `description`, `user_id`, `cate_new_id`, `deleted_at`, `status`, `created_at`, `updated_at`) VALUES
(2, 'Làm nhà trên 70 tuổi', 'Hướng dẫn chi tiết thủ tục mượn tuổi làm nhà người trên 70 tuổi', 'news/1714125998_muon-tuoi-lam-nha-nguoi-tren-70-tuoi-1-638398700371672531.jpg', NULL, '<h2 dir=\"ltr\" id=\"muon-tuoi-lam-nha-nguoi-tren-70-tuoi-co-tot-khong\" style=\"margin-right: 0px; margin-bottom: 0px; margin-left: 0px; padding: 10px 0px; box-sizing: inherit; font-size: 22px; font-weight: normal; color: rgb(74, 74, 74); font-family: Roboto, &quot;Noto Sans&quot;, -apple-system, BlinkMacSystemFont, sans-serif; letter-spacing: 0.14px; text-align: justify;\"><strong style=\"margin: 0px; padding: 0px; box-sizing: inherit;\">Mượn tuổi làm nhà người trên 70 tuổi có tốt không?</strong></h2><div style=\"margin: 0px; padding: 0px; box-sizing: inherit; color: rgb(74, 74, 74); font-family: Roboto, &quot;Noto Sans&quot;, -apple-system, BlinkMacSystemFont, sans-serif; font-size: 16px; letter-spacing: 0.14px; text-align: center;\"><figure class=\"image\" style=\"padding: 0px; box-sizing: inherit; display: inline-block;\"><img alt=\"\" height=\"427\" src=\"https://img.homedy.com/store/images/2024/01/03/muon-tuoi-lam-nha-nguoi-tren-70-tuoi-1-638398700371672531.jpg\" width=\"640\" style=\"margin: 0px; padding: 0px; box-sizing: inherit; max-width: 100%; height: auto; font-style: italic; border-radius: 5px;\"><figcaption style=\"margin: 0px; padding: 0px; box-sizing: inherit;\"><em style=\"margin: 0px; padding: 0px; box-sizing: inherit;\">Có nên mượn tuổi làm nhà người trên 70 tuổi không?</em></figcaption></figure></div><p dir=\"ltr\" style=\"margin-right: 0px; margin-bottom: 10px; margin-left: 0px; padding: 0px; box-sizing: inherit; white-space-collapse: preserve; overflow-wrap: break-word; color: rgb(74, 74, 74); font-family: Roboto, &quot;Noto Sans&quot;, -apple-system, BlinkMacSystemFont, sans-serif; font-size: 16px; letter-spacing: 0.14px; text-align: justify;\">Theo quan niệm dân gian, việc xây nhà là một trong những việc quan trọng nhất trong cuộc đời của một người. Vì vậy, việc xem tuổi làm nhà là rất cần thiết để tránh những điều không may mắn cho gia đình.</p><p dir=\"ltr\" style=\"margin-right: 0px; margin-bottom: 10px; margin-left: 0px; padding: 0px; box-sizing: inherit; white-space-collapse: preserve; overflow-wrap: break-word; color: rgb(74, 74, 74); font-family: Roboto, &quot;Noto Sans&quot;, -apple-system, BlinkMacSystemFont, sans-serif; font-size: 16px; letter-spacing: 0.14px; text-align: justify;\">Theo cách tính tuổi làm nhà truyền thống, nếu gia chủ phạm vào các hạn như: Kim lâu, Hoang ốc, Tam tai thì cần phải mượn tuổi của người khác để động thổ, xây dựng.</p><p dir=\"ltr\" style=\"margin-right: 0px; margin-bottom: 10px; margin-left: 0px; padding: 0px; box-sizing: inherit; white-space-collapse: preserve; overflow-wrap: break-word; color: rgb(74, 74, 74); font-family: Roboto, &quot;Noto Sans&quot;, -apple-system, BlinkMacSystemFont, sans-serif; font-size: 16px; letter-spacing: 0.14px; text-align: justify;\">Vậy, có nên mượn tuổi làm nhà người trên 70 tuổi không? <strong style=\"margin: 0px; padding: 0px; box-sizing: inherit;\">Câu trả lời là CÓ</strong>. Theo quan niệm dân gian, người già, người cao tuổi là những người có phúc đức, có kinh nghiệm sống phong phú. Vì vậy, khi mượn tuổi của người già để làm nhà, gia chủ sẽ được hưởng phúc đức, may mắn của người đó.</p><p dir=\"ltr\" style=\"margin-right: 0px; margin-bottom: 10px; margin-left: 0px; padding: 0px; box-sizing: inherit; white-space-collapse: preserve; overflow-wrap: break-word; color: rgb(74, 74, 74); font-family: Roboto, &quot;Noto Sans&quot;, -apple-system, BlinkMacSystemFont, sans-serif; font-size: 16px; letter-spacing: 0.14px; text-align: justify;\">Mặt khác, người cao tuổi trong gia đình Việt Nam từ xưa đến nay luôn được coi trọng và tôn kính. Họ là những “cây cao bóng cả”, là trụ cột tinh thần của gia đình, là nguồn tri thức và kinh nghiệm quý báu.</p><p dir=\"ltr\" style=\"margin-right: 0px; margin-bottom: 10px; margin-left: 0px; padding: 0px; box-sizing: inherit; white-space-collapse: preserve; overflow-wrap: break-word; color: rgb(74, 74, 74); font-family: Roboto, &quot;Noto Sans&quot;, -apple-system, BlinkMacSystemFont, sans-serif; font-size: 16px; letter-spacing: 0.14px; text-align: justify;\">Khi gặp những vấn đề khó khăn trong cuộc sống, con cháu thường tìm đến người cao tuổi để xin ý kiến. Người cao tuổi với kinh nghiệm sống dày dặn, sự từng trải và hiểu biết sâu sắc sẽ giúp con cháu đưa ra những quyết định sáng suốt và đúng đắn.</p><p dir=\"ltr\" style=\"margin-right: 0px; margin-bottom: 10px; margin-left: 0px; padding: 0px; box-sizing: inherit; white-space-collapse: preserve; overflow-wrap: break-word; color: rgb(74, 74, 74); font-family: Roboto, &quot;Noto Sans&quot;, -apple-system, BlinkMacSystemFont, sans-serif; font-size: 16px; letter-spacing: 0.14px; text-align: justify;\">Trong dân gian, người ta cũng quan niệm rằng xin vía người cao tuổi khi làm những chuyện đại sự như xây nhà sẽ mang lại nhiều may mắn và thuận lợi.&nbsp;</p><p dir=\"ltr\" style=\"margin-right: 0px; margin-bottom: 10px; margin-left: 0px; padding: 0px; box-sizing: inherit; white-space-collapse: preserve; overflow-wrap: break-word; color: rgb(74, 74, 74); font-family: Roboto, &quot;Noto Sans&quot;, -apple-system, BlinkMacSystemFont, sans-serif; font-size: 16px; letter-spacing: 0.14px; text-align: justify;\">Với những lý do trên, có thể thấy rằng, việc mượn tuổi làm nhà người trên 70 tuổi là một việc tốt. Gia chủ nên cân nhắc và lựa chọn người mượn tuổi phù hợp để mang lại may mắn cho gia đình.</p><p dir=\"ltr\" style=\"margin-right: 0px; margin-bottom: 10px; margin-left: 0px; padding: 0px; box-sizing: inherit; white-space-collapse: preserve; overflow-wrap: break-word; color: rgb(74, 74, 74); font-family: Roboto, &quot;Noto Sans&quot;, -apple-system, BlinkMacSystemFont, sans-serif; font-size: 16px; letter-spacing: 0.14px; text-align: justify;\"><em style=\"margin: 0px; padding: 0px; box-sizing: inherit;\"><strong style=\"margin: 0px; padding: 0px; box-sizing: inherit;\">Có thể bạn quan tâm:</strong></em></p><ul style=\"margin-right: 0px; margin-bottom: 0px; margin-left: 0px; padding: 0px 0px 0px 40px; box-sizing: inherit; list-style-position: initial; list-style-image: initial; appearance: unset; color: rgb(74, 74, 74); font-family: Roboto, &quot;Noto Sans&quot;, -apple-system, BlinkMacSystemFont, sans-serif; font-size: 16px; letter-spacing: 0.14px;\"><li dir=\"ltr\" style=\"margin: 0px; padding: 0px; box-sizing: inherit;\"><p dir=\"ltr\" style=\"margin-right: 0px; margin-bottom: 10px; margin-left: 0px; padding: 0px; box-sizing: inherit; white-space-collapse: preserve; overflow-wrap: break-word; text-align: justify;\"><em style=\"margin: 0px; padding: 0px; box-sizing: inherit;\"><strong style=\"margin: 0px; padding: 0px; box-sizing: inherit;\"><a href=\"https://homedy.com/news/muon-tuoi-lam-nha-ne7032\" style=\"margin: 0px; padding: 0px; box-sizing: inherit; text-decoration: none; color: rgb(0, 152, 218); overflow-wrap: break-word; transition: color 0.3s cubic-bezier(0.25, 0.8, 0.25, 1) 0s, background-color, opacity;\">Có nên mượn tuổi làm nhà không? Những điều kiêng kỵ cần tránh</a></strong></em></p></li><li dir=\"ltr\" style=\"margin: 0px; padding: 0px; box-sizing: inherit;\"><p dir=\"ltr\" style=\"margin-right: 0px; margin-bottom: 10px; margin-left: 0px; padding: 0px; box-sizing: inherit; white-space-collapse: preserve; overflow-wrap: break-word; text-align: justify;\"><em style=\"margin: 0px; padding: 0px; box-sizing: inherit;\"><strong style=\"margin: 0px; padding: 0px; box-sizing: inherit;\"><a href=\"https://homedy.com/news/tong-hop-day-du-nhung-dieu-kieng-ky-khi-muon-tuoi-lam-nha-ne6780\" style=\"margin: 0px; padding: 0px; box-sizing: inherit; text-decoration: none; color: rgb(0, 152, 218); overflow-wrap: break-word; transition: color 0.3s cubic-bezier(0.25, 0.8, 0.25, 1) 0s, background-color, opacity;\">Tổng hợp đầy đủ những điều kiêng kỵ khi mượn tuổi làm nhà</a></strong></em></p></li></ul><h2 dir=\"ltr\" id=\"tren-70-tuoi-lam-nha-co-can-xem-tuoi-khong\" style=\"margin-right: 0px; margin-bottom: 0px; margin-left: 0px; padding: 10px 0px; box-sizing: inherit; font-size: 22px; font-weight: normal; color: rgb(74, 74, 74); font-family: Roboto, &quot;Noto Sans&quot;, -apple-system, BlinkMacSystemFont, sans-serif; letter-spacing: 0.14px; text-align: justify;\"><strong style=\"margin: 0px; padding: 0px; box-sizing: inherit;\">Trên 70 tuổi làm nhà có cần xem tuổi không?</strong></h2><div style=\"margin: 0px; padding: 0px; box-sizing: inherit; color: rgb(74, 74, 74); font-family: Roboto, &quot;Noto Sans&quot;, -apple-system, BlinkMacSystemFont, sans-serif; font-size: 16px; letter-spacing: 0.14px; text-align: center;\"><figure class=\"image\" style=\"padding: 0px; box-sizing: inherit; display: inline-block;\"><img alt=\"\" height=\"360\" src=\"https://img.homedy.com/store/images/2024/01/03/muon-tuoi-lam-nha-nguoi-tren-70-tuoi-2-638398700832172757.jpg\" width=\"640\" style=\"margin: 0px; padding: 0px; box-sizing: inherit; max-width: 100%; height: auto; font-style: italic; border-radius: 5px;\"><figcaption style=\"margin: 0px; padding: 0px; box-sizing: inherit;\"><em style=\"margin: 0px; padding: 0px; box-sizing: inherit;\">Trên 70 tuổi làm nhà có cần xem tuổi không?</em></figcaption></figure></div><p dir=\"ltr\" style=\"margin-right: 0px; margin-bottom: 10px; margin-left: 0px; padding: 0px; box-sizing: inherit; white-space-collapse: preserve; overflow-wrap: break-word; color: rgb(74, 74, 74); font-family: Roboto, &quot;Noto Sans&quot;, -apple-system, BlinkMacSystemFont, sans-serif; font-size: 16px; letter-spacing: 0.14px; text-align: justify;\">Trên 70 tuổi làm nhà có cần xem tuổi không là câu hỏi mà nhiều người quan tâm khi muốn xây dựng nhà cửa cho mình hoặc cho người thân. Theo quan niệm phong thủy, tuổi của chủ nhà có ảnh hưởng đến vận khí, tài lộc, sức khỏe và hạnh phúc của gia đình. Vì vậy, khi xây nhà cần phải xem tuổi để tránh những vận hạn xấu như kim lâu, hoang ốc, tam tai. Vậy trên 70 tuổi làm nhà có cần xem tuổi không? Câu trả lời là CÓ, trên 70 tuổi vẫn cần xem tuổi để tránh những vận hạn trên.</p><ul style=\"margin-right: 0px; margin-bottom: 0px; margin-left: 0px; padding: 0px 0px 0px 40px; box-sizing: inherit; list-style-position: initial; list-style-image: initial; appearance: unset; color: rgb(74, 74, 74); font-family: Roboto, &quot;Noto Sans&quot;, -apple-system, BlinkMacSystemFont, sans-serif; font-size: 16px; letter-spacing: 0.14px;\"><li dir=\"ltr\" style=\"margin: 0px; padding: 0px; box-sizing: inherit;\"><p dir=\"ltr\" style=\"margin-right: 0px; margin-bottom: 10px; margin-left: 0px; padding: 0px; box-sizing: inherit; white-space-collapse: preserve; overflow-wrap: break-word; text-align: justify;\"><strong style=\"margin: 0px; padding: 0px; box-sizing: inherit;\"><a href=\"https://homedy.com/news/han-tam-tai-la-gi-hoa-giai-han-tam-tai-co-xay-nha-duoc-khong-ne5239\" style=\"margin: 0px; padding: 0px; box-sizing: inherit; text-decoration: none; color: rgb(0, 152, 218); overflow-wrap: break-word; transition: color 0.3s cubic-bezier(0.25, 0.8, 0.25, 1) 0s, background-color, opacity;\">Tam tai</a> </strong>là hạn trong vòng 3 năm liên tiếp, thường gặp những điều không may mắn, khó khăn, trắc trở. Người làm nhà trong năm tam tai thường gặp những điều không may mắn, khó khăn, trắc trở trong quá trình xây dựng và sau khi xây dựng.</p></li><li dir=\"ltr\" style=\"margin: 0px; padding: 0px; box-sizing: inherit;\"><p dir=\"ltr\" style=\"margin-right: 0px; margin-bottom: 10px; margin-left: 0px; padding: 0px; box-sizing: inherit; white-space-collapse: preserve; overflow-wrap: break-word; text-align: justify;\"><strong style=\"margin: 0px; padding: 0px; box-sizing: inherit;\"><a href=\"https://homedy.com/news/hoang-oc-la-gi-cach-tinh-hoang-oc-lam-nha-don-gian-va-nhung-van-de-lien-quan-ne5358\" style=\"margin: 0px; padding: 0px; box-sizing: inherit; text-decoration: none; color: rgb(0, 152, 218); overflow-wrap: break-word; transition: color 0.3s cubic-bezier(0.25, 0.8, 0.25, 1) 0s, background-color, opacity;\">Hoang ốc</a></strong> gồm 6 cung: Nhất Cát, Nhị Nghi, Tam Địa Sát, Tứ Tấn Tài, Ngũ Thọ Tử, Lục Hoang Ốc. Người phạm hoang ốc xấu trong năm làm nhà là Ngũ Thọ Tử, Lục Hoang Ốc thường gặp những điều không may mắn, khó khăn, trắc trở trong cuộc sống.</p></li><li dir=\"ltr\" style=\"margin: 0px; padding: 0px; box-sizing: inherit;\"><p dir=\"ltr\" style=\"margin-right: 0px; margin-bottom: 10px; margin-left: 0px; padding: 0px; box-sizing: inherit; white-space-collapse: preserve; overflow-wrap: break-word; text-align: justify;\"><strong style=\"margin: 0px; padding: 0px; box-sizing: inherit;\"><a href=\"https://homedy.com/news/cach-tinh-tuoi-kim-lau-lam-nha-chinh-xac-nhat-theo-chuyen-gia-phong-thuy-ne6187\" style=\"margin: 0px; padding: 0px; box-sizing: inherit; text-decoration: none; color: rgb(0, 152, 218); overflow-wrap: break-word; transition: color 0.3s cubic-bezier(0.25, 0.8, 0.25, 1) 0s, background-color, opacity;\">Kim lâu</a></strong> là một hạn xấu của một người, gồm 4 chữ: Kim Lâu Thân, Kim Lâu Thê, Kim Lâu Tử, Kim Lâu Súc. Người phạm kim lâu trong năm làm nhà thường gặp những điều không may mắn, trắc trở, nhất là đối với những người đang lập gia đình, xây dựng nhà cửa.</p></li></ul><p dir=\"ltr\" style=\"margin-right: 0px; margin-bottom: 10px; margin-left: 0px; padding: 0px; box-sizing: inherit; white-space-collapse: preserve; overflow-wrap: break-word; color: rgb(74, 74, 74); font-family: Roboto, &quot;Noto Sans&quot;, -apple-system, BlinkMacSystemFont, sans-serif; font-size: 16px; letter-spacing: 0.14px; text-align: justify;\"><em style=\"margin: 0px; padding: 0px; box-sizing: inherit;\"><strong style=\"margin: 0px; padding: 0px; box-sizing: inherit;\">XEM THÊM:&nbsp;</strong></em></p><p dir=\"ltr\" style=\"margin-right: 0px; margin-bottom: 10px; margin-left: 0px; padding: 0px; box-sizing: inherit; white-space-collapse: preserve; overflow-wrap: break-word; color: rgb(74, 74, 74); font-family: Roboto, &quot;Noto Sans&quot;, -apple-system, BlinkMacSystemFont, sans-serif; font-size: 16px; letter-spacing: 0.14px; text-align: justify;\"><em style=\"margin: 0px; padding: 0px; box-sizing: inherit;\"><strong style=\"margin: 0px; padding: 0px; box-sizing: inherit;\"><a href=\"https://homedy.com/news/bang-tinh-tam-tai-kim-lau-hoang-oc-nam-2024%20-ne7215\" style=\"margin: 0px; padding: 0px; box-sizing: inherit; text-decoration: none; color: rgb(0, 152, 218); overflow-wrap: break-word; transition: color 0.3s cubic-bezier(0.25, 0.8, 0.25, 1) 0s, background-color, opacity;\">Bảng tính Tam Tai, Kim Lâu, Hoang Ốc năm 2024 Giáp Thìn</a></strong></em></p><p dir=\"ltr\" style=\"margin-right: 0px; margin-bottom: 10px; margin-left: 0px; padding: 0px; box-sizing: inherit; white-space-collapse: preserve; overflow-wrap: break-word; color: rgb(74, 74, 74); font-family: Roboto, &quot;Noto Sans&quot;, -apple-system, BlinkMacSystemFont, sans-serif; font-size: 16px; letter-spacing: 0.14px; text-align: justify;\"><em style=\"margin: 0px; padding: 0px; box-sizing: inherit;\"><strong style=\"margin: 0px; padding: 0px; box-sizing: inherit;\"><a href=\"https://homedy.com/news/tam-tai-hoang-oc-kim-lau-ne7098\" style=\"margin: 0px; padding: 0px; box-sizing: inherit; text-decoration: none; color: rgb(0, 152, 218); overflow-wrap: break-word; transition: color 0.3s cubic-bezier(0.25, 0.8, 0.25, 1) 0s, background-color, opacity;\">Giải đáp Tam Tai Hoang Ốc Kim Lâu là gì từ A - Z</a></strong></em></p><p dir=\"ltr\" style=\"margin-right: 0px; margin-bottom: 10px; margin-left: 0px; padding: 0px; box-sizing: inherit; white-space-collapse: preserve; overflow-wrap: break-word; color: rgb(74, 74, 74); font-family: Roboto, &quot;Noto Sans&quot;, -apple-system, BlinkMacSystemFont, sans-serif; font-size: 16px; letter-spacing: 0.14px; text-align: justify;\">Theo các chuyên gia phong thủy, trong khoảng độ tuổi từ 70 đến 79, những tuổi sau đây làm nhà đẹp trong năm 2024:</p><ul style=\"margin-right: 0px; margin-bottom: 0px; margin-left: 0px; padding: 0px 0px 0px 40px; box-sizing: inherit; list-style-position: initial; list-style-image: initial; appearance: unset; color: rgb(74, 74, 74); font-family: Roboto, &quot;Noto Sans&quot;, -apple-system, BlinkMacSystemFont, sans-serif; font-size: 16px; letter-spacing: 0.14px;\"><li dir=\"ltr\" style=\"margin: 0px; padding: 0px; box-sizing: inherit;\"><p dir=\"ltr\" style=\"margin-right: 0px; margin-bottom: 10px; margin-left: 0px; padding: 0px; box-sizing: inherit; white-space-collapse: preserve; overflow-wrap: break-word; text-align: justify;\">Tuổi 1946 Bính Tuất</p></li><li dir=\"ltr\" style=\"margin: 0px; padding: 0px; box-sizing: inherit;\"><p dir=\"ltr\" style=\"margin-right: 0px; margin-bottom: 10px; margin-left: 0px; padding: 0px; box-sizing: inherit; white-space-collapse: preserve; overflow-wrap: break-word; text-align: justify;\">Tuổi 1949 Kỷ Sửu</p></li><li dir=\"ltr\" style=\"margin: 0px; padding: 0px; box-sizing: inherit;\"><p dir=\"ltr\" style=\"margin-right: 0px; margin-bottom: 10px; margin-left: 0px; padding: 0px; box-sizing: inherit; white-space-collapse: preserve; overflow-wrap: break-word; text-align: justify;\">Tuổi 1955 Ất Mùi</p></li></ul><p dir=\"ltr\" style=\"margin-right: 0px; margin-bottom: 10px; margin-left: 0px; padding: 0px; box-sizing: inherit; white-space-collapse: preserve; overflow-wrap: break-word; color: rgb(74, 74, 74); font-family: Roboto, &quot;Noto Sans&quot;, -apple-system, BlinkMacSystemFont, sans-serif; font-size: 16px; letter-spacing: 0.14px; text-align: justify;\">Những tuổi này đều không phạm vào các hạn kim lâu, hoang ốc, tam tai. Ngoài ra, tuổi của những người này cũng tương sinh với năm 2024 (Giáp Thìn), mang lại nhiều may mắn và thuận lợi cho gia chủ.</p><table align=\"center\" border=\"1\" cellpadding=\"1\" cellspacing=\"1\" style=\"margin: 0px auto; padding: 0px; box-sizing: inherit; word-break: break-word; color: rgb(74, 74, 74); font-family: Roboto, &quot;Noto Sans&quot;, -apple-system, BlinkMacSystemFont, sans-serif; font-size: 16px; letter-spacing: 0.14px; width: 500px;\"><tbody style=\"margin: 0px; padding: 0px; box-sizing: inherit;\"><tr style=\"margin: 0px; padding: 0px; box-sizing: inherit;\"><td style=\"margin: 0px; padding: 10px; box-sizing: inherit; text-align: center;\"><strong style=\"margin: 0px; padding: 0px; box-sizing: inherit;\">Năm sinh</strong></td><td style=\"margin: 0px; padding: 10px; box-sizing: inherit; text-align: center;\"><strong style=\"margin: 0px; padding: 0px; box-sizing: inherit;\">Tuổi</strong></td><td style=\"margin: 0px; padding: 10px; box-sizing: inherit; text-align: center;\"><strong style=\"margin: 0px; padding: 0px; box-sizing: inherit;\">Tam tai</strong></td><td style=\"margin: 0px; padding: 10px; box-sizing: inherit; text-align: center;\"><strong style=\"margin: 0px; padding: 0px; box-sizing: inherit;\">Hoang ốc</strong></td><td style=\"margin: 0px; padding: 10px; box-sizing: inherit; text-align: center;\"><strong style=\"margin: 0px; padding: 0px; box-sizing: inherit;\">Kim lâu</strong></td></tr><tr style=\"margin: 0px; padding: 0px; box-sizing: inherit;\"><td style=\"margin: 0px; padding: 10px; box-sizing: inherit; text-align: center;\"><strong style=\"margin: 0px; padding: 0px; box-sizing: inherit;\">1946</strong></td><td style=\"margin: 0px; padding: 10px; box-sizing: inherit; text-align: center;\">79</td><td style=\"margin: 0px; padding: 10px; box-sizing: inherit; text-align: center;\"><strong style=\"margin: 0px; padding: 0px; box-sizing: inherit;\">✔️</strong></td><td style=\"margin: 0px; padding: 10px; box-sizing: inherit; text-align: center;\"><strong style=\"margin: 0px; padding: 0px; box-sizing: inherit;\">✔️</strong></td><td style=\"margin: 0px; padding: 10px; box-sizing: inherit; text-align: center;\"><strong style=\"margin: 0px; padding: 0px; box-sizing: inherit;\">✔️</strong></td></tr><tr style=\"margin: 0px; padding: 0px; box-sizing: inherit;\"><td style=\"margin: 0px; padding: 10px; box-sizing: inherit; text-align: center;\">1947</td><td style=\"margin: 0px; padding: 10px; box-sizing: inherit; text-align: center;\">78</td><td style=\"margin: 0px; padding: 10px; box-sizing: inherit; text-align: center;\"><strong style=\"margin: 0px; padding: 0px; box-sizing: inherit;\">✔️</strong></td><td style=\"margin: 0px; padding: 10px; box-sizing: inherit; text-align: center;\"><strong style=\"margin: 0px; padding: 0px; box-sizing: inherit;\">✔️</strong></td><td style=\"margin: 0px; padding: 10px; box-sizing: inherit; text-align: center;\">x</td></tr><tr style=\"margin: 0px; padding: 0px; box-sizing: inherit;\"><td style=\"margin: 0px; padding: 10px; box-sizing: inherit; text-align: center;\">1948</td><td style=\"margin: 0px; padding: 10px; box-sizing: inherit; text-align: center;\">77</td><td style=\"margin: 0px; padding: 10px; box-sizing: inherit; text-align: center;\">x</td><td style=\"margin: 0px; padding: 10px; box-sizing: inherit; text-align: center;\"><strong style=\"margin: 0px; padding: 0px; box-sizing: inherit;\">✔️</strong></td><td style=\"margin: 0px; padding: 10px; box-sizing: inherit; text-align: center;\"><strong style=\"margin: 0px; padding: 0px; box-sizing: inherit;\">✔️</strong></td></tr><tr style=\"margin: 0px; padding: 0px; box-sizing: inherit;\"><td style=\"margin: 0px; padding: 10px; box-sizing: inherit; text-align: center;\"><strong style=\"margin: 0px; padding: 0px; box-sizing: inherit;\">1949</strong></td><td style=\"margin: 0px; padding: 10px; box-sizing: inherit; text-align: center;\">76</td><td style=\"margin: 0px; padding: 10px; box-sizing: inherit; text-align: center;\"><strong style=\"margin: 0px; padding: 0px; box-sizing: inherit;\">✔️</strong></td><td style=\"margin: 0px; padding: 10px; box-sizing: inherit; text-align: center;\"><strong style=\"margin: 0px; padding: 0px; box-sizing: inherit;\">✔️</strong></td><td style=\"margin: 0px; padding: 10px; box-sizing: inherit; text-align: center;\"><strong style=\"margin: 0px; padding: 0px; box-sizing: inherit;\">✔️</strong></td></tr><tr style=\"margin: 0px; padding: 0px; box-sizing: inherit;\"><td style=\"margin: 0px; padding: 10px; box-sizing: inherit; text-align: center;\">1950</td><td style=\"margin: 0px; padding: 10px; box-sizing: inherit; text-align: center;\">75</td><td style=\"margin: 0px; padding: 10px; box-sizing: inherit; text-align: center;\"><strong style=\"margin: 0px; padding: 0px; box-sizing: inherit;\">✔️</strong></td><td style=\"margin: 0px; padding: 10px; box-sizing: inherit; text-align: center;\">x</td><td style=\"margin: 0px; padding: 10px; box-sizing: inherit; text-align: center;\"><strong style=\"margin: 0px; padding: 0px; box-sizing: inherit;\">✔️</strong></td></tr><tr style=\"margin: 0px; padding: 0px; box-sizing: inherit;\"><td style=\"margin: 0px; padding: 10px; box-sizing: inherit; text-align: center;\">1951</td><td style=\"margin: 0px; padding: 10px; box-sizing: inherit; text-align: center;\">74</td><td style=\"margin: 0px; padding: 10px; box-sizing: inherit; text-align: center;\"><strong style=\"margin: 0px; padding: 0px; box-sizing: inherit;\">✔️</strong></td><td style=\"margin: 0px; padding: 10px; box-sizing: inherit; text-align: center;\">x</td><td style=\"margin: 0px; padding: 10px; box-sizing: inherit; text-align: center;\"><strong style=\"margin: 0px; padding: 0px; box-sizing: inherit;\">✔️</strong></td></tr><tr style=\"margin: 0px; padding: 0px; box-sizing: inherit;\"><td style=\"margin: 0px; padding: 10px; box-sizing: inherit; text-align: center;\">1952</td><td style=\"margin: 0px; padding: 10px; box-sizing: inherit; text-align: center;\">73</td><td style=\"margin: 0px; padding: 10px; box-sizing: inherit; text-align: center;\">x</td><td style=\"margin: 0px; padding: 10px; box-sizing: inherit; text-align: center;\"><strong style=\"margin: 0px; padding: 0px; box-sizing: inherit;\">✔️</strong></td><td style=\"margin: 0px; padding: 10px; box-sizing: inherit; text-align: center;\">x</td></tr><tr style=\"margin: 0px; padding: 0px; box-sizing: inherit;\"><td style=\"margin: 0px; padding: 10px; box-sizing: inherit; text-align: center;\">1953</td><td style=\"margin: 0px; padding: 10px; box-sizing: inherit; text-align: center;\">72</td><td style=\"margin: 0px; padding: 10px; box-sizing: inherit; text-align: center;\"><strong style=\"margin: 0px; padding: 0px; box-sizing: inherit;\">✔️</strong></td><td style=\"margin: 0px; padding: 10px; box-sizing: inherit; text-align: center;\">x</td><td style=\"margin: 0px; padding: 10px; box-sizing: inherit; text-align: center;\"><strong style=\"margin: 0px; padding: 0px; box-sizing: inherit;\">✔️</strong></td></tr><tr style=\"margin: 0px; padding: 0px; box-sizing: inherit;\"><td style=\"margin: 0px; padding: 10px; box-sizing: inherit; text-align: center;\">1954</td><td style=\"margin: 0px; padding: 10px; box-sizing: inherit; text-align: center;\">71</td><td style=\"margin: 0px; padding: 10px; box-sizing: inherit; text-align: center;\"><strong style=\"margin: 0px; padding: 0px; box-sizing: inherit;\">✔️</strong></td><td style=\"margin: 0px; padding: 10px; box-sizing: inherit; text-align: center;\"><strong style=\"margin: 0px; padding: 0px; box-sizing: inherit;\">✔️</strong></td><td style=\"margin: 0px; padding: 10px; box-sizing: inherit; text-align: center;\">x</td></tr><tr style=\"margin: 0px; padding: 0px; box-sizing: inherit;\"><td style=\"margin: 0px; padding: 10px; box-sizing: inherit; text-align: center;\"><strong style=\"margin: 0px; padding: 0px; box-sizing: inherit;\">1955</strong></td><td style=\"margin: 0px; padding: 10px; box-sizing: inherit; text-align: center;\">70</td><td style=\"margin: 0px; padding: 10px; box-sizing: inherit; text-align: center;\"><strong style=\"margin: 0px; padding: 0px; box-sizing: inherit;\">✔️</strong></td><td style=\"margin: 0px; padding: 10px; box-sizing: inherit; text-align: center;\"><strong style=\"margin: 0px; padding: 0px; box-sizing: inherit;\">✔️</strong></td><td style=\"margin: 0px; padding: 10px; box-sizing: inherit; text-align: center;\"><strong style=\"margin: 0px; padding: 0px; box-sizing: inherit;\">✔️</strong></td></tr></tbody></table><p dir=\"ltr\" style=\"margin-right: 0px; margin-bottom: 10px; margin-left: 0px; padding: 0px; box-sizing: inherit; white-space-collapse: preserve; overflow-wrap: break-word; color: rgb(74, 74, 74); font-family: Roboto, &quot;Noto Sans&quot;, -apple-system, BlinkMacSystemFont, sans-serif; font-size: 16px; letter-spacing: 0.14px;\"><em style=\"margin: 0px; padding: 0px; box-sizing: inherit;\"><strong style=\"margin: 0px; padding: 0px; box-sizing: inherit;\">Ghi chú:&nbsp;</strong></em></p><ul style=\"margin-right: 0px; margin-bottom: 0px; margin-left: 0px; padding: 0px 0px 0px 40px; box-sizing: inherit; list-style-position: initial; list-style-image: initial; appearance: unset; color: rgb(74, 74, 74); font-family: Roboto, &quot;Noto Sans&quot;, -apple-system, BlinkMacSystemFont, sans-serif; font-size: 16px; letter-spacing: 0.14px;\"><li dir=\"ltr\" style=\"margin: 0px; padding: 0px; box-sizing: inherit;\"><p dir=\"ltr\" style=\"margin-right: 0px; margin-bottom: 10px; margin-left: 0px; padding: 0px; box-sizing: inherit; white-space-collapse: preserve; overflow-wrap: break-word;\">“✔️” : Không phạm hạn</p></li><li dir=\"ltr\" style=\"margin: 0px; padding: 0px; box-sizing: inherit;\"><p dir=\"ltr\" style=\"margin-right: 0px; margin-bottom: 10px; margin-left: 0px; padding: 0px; box-sizing: inherit; white-space-collapse: preserve; overflow-wrap: break-word;\">“x” : Phạm hạn</p></li></ul><p dir=\"ltr\" style=\"margin-right: 0px; margin-bottom: 10px; margin-left: 0px; padding: 0px; box-sizing: inherit; white-space-collapse: preserve; overflow-wrap: break-word; color: rgb(74, 74, 74); font-family: Roboto, &quot;Noto Sans&quot;, -apple-system, BlinkMacSystemFont, sans-serif; font-size: 16px; letter-spacing: 0.14px; text-align: justify;\">Tuy nhiên, cần lưu ý rằng, việc xem tuổi làm nhà chỉ là một yếu tố quan trọng trong phong thủy. Để có một ngôi nhà đẹp và mang lại nhiều may mắn, gia chủ cũng cần chú ý đến các yếu tố khác như hướng nhà, phong thủy đất, phong thủy nội thất,...</p><h2 dir=\"ltr\" id=\"cach-muon-tuoi-lam-nha-nguoi-tren-70-tuoi\" style=\"margin-right: 0px; margin-bottom: 0px; margin-left: 0px; padding: 10px 0px; box-sizing: inherit; font-size: 22px; font-weight: normal; color: rgb(74, 74, 74); font-family: Roboto, &quot;Noto Sans&quot;, -apple-system, BlinkMacSystemFont, sans-serif; letter-spacing: 0.14px; text-align: justify;\"><strong style=\"margin: 0px; padding: 0px; box-sizing: inherit;\">Cách mượn tuổi làm nhà người trên 70 tuổi</strong></h2><div style=\"margin: 0px; padding: 0px; box-sizing: inherit; color: rgb(74, 74, 74); font-family: Roboto, &quot;Noto Sans&quot;, -apple-system, BlinkMacSystemFont, sans-serif; font-size: 16px; letter-spacing: 0.14px; text-align: center;\"><figure class=\"image\" style=\"padding: 0px; box-sizing: inherit; display: inline-block;\"><img alt=\"\" height=\"480\" src=\"https://img.homedy.com/store/images/2024/01/03/muon-tuoi-lam-nha-nguoi-tren-70-tuoi-3-638398703261285683.jpg\" width=\"640\" style=\"margin: 0px; padding: 0px; box-sizing: inherit; max-width: 100%; height: auto; font-style: italic; border-radius: 5px;\"><figcaption style=\"margin: 0px; padding: 0px; box-sizing: inherit;\"><em style=\"margin: 0px; padding: 0px; box-sizing: inherit;\">Cách mượn tuổi làm nhà người trên 70 tuổi</em></figcaption></figure></div><p dir=\"ltr\" style=\"margin-right: 0px; margin-bottom: 10px; margin-left: 0px; padding: 0px; box-sizing: inherit; white-space-collapse: preserve; overflow-wrap: break-word; color: rgb(74, 74, 74); font-family: Roboto, &quot;Noto Sans&quot;, -apple-system, BlinkMacSystemFont, sans-serif; font-size: 16px; letter-spacing: 0.14px; text-align: justify;\">Theo quan niệm phong thủy, tuổi của gia chủ có ảnh hưởng lớn đến vận khí của ngôi nhà. Do đó, nếu tuổi của gia chủ không hợp xây nhà thì có thể mượn tuổi của người khác. Tuy nhiên, việc mượn tuổi cần phải thực hiện đúng cách để tránh những điều xui xẻo cho gia chủ.</p><p dir=\"ltr\" style=\"margin-right: 0px; margin-bottom: 10px; margin-left: 0px; padding: 0px; box-sizing: inherit; white-space-collapse: preserve; overflow-wrap: break-word; color: rgb(74, 74, 74); font-family: Roboto, &quot;Noto Sans&quot;, -apple-system, BlinkMacSystemFont, sans-serif; font-size: 16px; letter-spacing: 0.14px; text-align: justify;\"><strong style=\"margin: 0px; padding: 0px; box-sizing: inherit;\">Đầu tiên, cần xem tuổi của gia chủ có hợp xây nhà hay không. </strong>Nếu tuổi của gia chủ phạm phải các hạn như Kim Lâu, Hoang Ốc, Tam Tai thì cần mượn tuổi.</p><p dir=\"ltr\" style=\"margin-right: 0px; margin-bottom: 10px; margin-left: 0px; padding: 0px; box-sizing: inherit; white-space-collapse: preserve; overflow-wrap: break-word; color: rgb(74, 74, 74); font-family: Roboto, &quot;Noto Sans&quot;, -apple-system, BlinkMacSystemFont, sans-serif; font-size: 16px; letter-spacing: 0.14px; text-align: justify;\"><strong style=\"margin: 0px; padding: 0px; box-sizing: inherit;\">Tiếp theo, cần tìm người mượn tuổi phù hợp. </strong>Người được mượn tuổi cần có tuổi hợp với tuổi của gia chủ, có sức khỏe tốt, không có tang, không đang cho người khác mượn tuổi, không phạm vận hạn.&nbsp;</p><p dir=\"ltr\" style=\"margin-right: 0px; margin-bottom: 10px; margin-left: 0px; padding: 0px; box-sizing: inherit; white-space-collapse: preserve; overflow-wrap: break-word; color: rgb(74, 74, 74); font-family: Roboto, &quot;Noto Sans&quot;, -apple-system, BlinkMacSystemFont, sans-serif; font-size: 16px; letter-spacing: 0.14px; text-align: justify;\"><strong style=\"margin: 0px; padding: 0px; box-sizing: inherit;\">Cuối cùng, cần thực hiện thủ tục mượn tuổi. Thủ tục mượn tuổi làm nhà gồm có các bước sau:</strong></p><ol style=\"margin-right: 0px; margin-bottom: 0px; margin-left: 0px; padding: 0px 0px 0px 40px; box-sizing: inherit; color: rgb(74, 74, 74); font-family: Roboto, &quot;Noto Sans&quot;, -apple-system, BlinkMacSystemFont, sans-serif; font-size: 16px; letter-spacing: 0.14px;\"><li dir=\"ltr\" style=\"margin: 0px; padding: 0px; box-sizing: inherit;\"><p dir=\"ltr\" style=\"margin-right: 0px; margin-bottom: 10px; margin-left: 0px; padding: 0px; box-sizing: inherit; white-space-collapse: preserve; overflow-wrap: break-word; text-align: justify;\">Đầu tiên, khi đã tìm được người để mượn tuổi, hai bên cần phải trao đổi các thủ tục, sau đó chủ nhà sẽ làm giấy bán nhà cho người được mượn tuổi. Lưu ý rằng giấy bán nhà chỉ mang tính chất tượng trưng để dâng lên thần linh.</p></li><li dir=\"ltr\" style=\"margin: 0px; padding: 0px; box-sizing: inherit;\"><p dir=\"ltr\" style=\"margin-right: 0px; margin-bottom: 10px; margin-left: 0px; padding: 0px; box-sizing: inherit; white-space-collapse: preserve; overflow-wrap: break-word; text-align: justify;\">Khi động thổ, người được mượn tuổi sẽ thay mặt gia chủ làm lễ với thần linh, sau đó cuốc 5 hoặc 7 cái theo hướng đẹp để động thổ.</p></li><li dir=\"ltr\" style=\"margin: 0px; padding: 0px; box-sizing: inherit;\"><p dir=\"ltr\" style=\"margin-right: 0px; margin-bottom: 10px; margin-left: 0px; padding: 0px; box-sizing: inherit; white-space-collapse: preserve; overflow-wrap: break-word; text-align: justify;\">Khi mọi thứ đã hoàn thành, người được mượn tuổi làm giấy mua lại nhà với giá tượng trưng cao hơn giá bán ban đầu để giao nhà cho gia chủ.</p></li><li dir=\"ltr\" style=\"margin: 0px; padding: 0px; box-sizing: inherit;\"><p dir=\"ltr\" style=\"margin-right: 0px; margin-bottom: 10px; margin-left: 0px; padding: 0px; box-sizing: inherit; white-space-collapse: preserve; overflow-wrap: break-word; text-align: justify;\">Cuối cùng, gia chủ làm lễ nhập trạch cho gia đình của mình.</p></li></ol><p dir=\"ltr\" style=\"margin-right: 0px; margin-bottom: 10px; margin-left: 0px; padding: 0px; box-sizing: inherit; white-space-collapse: preserve; overflow-wrap: break-word; color: rgb(74, 74, 74); font-family: Roboto, &quot;Noto Sans&quot;, -apple-system, BlinkMacSystemFont, sans-serif; font-size: 16px; letter-spacing: 0.14px; text-align: justify;\">Với trường hợp mượn tuổi của người trên 70 tuổi, cần lưu ý thêm một số điều sau:</p><ul style=\"margin-right: 0px; margin-bottom: 0px; margin-left: 0px; padding: 0px 0px 0px 40px; box-sizing: inherit; list-style-position: initial; list-style-image: initial; appearance: unset; color: rgb(74, 74, 74); font-family: Roboto, &quot;Noto Sans&quot;, -apple-system, BlinkMacSystemFont, sans-serif; font-size: 16px; letter-spacing: 0.14px;\"><li dir=\"ltr\" style=\"margin: 0px; padding: 0px; box-sizing: inherit;\"><p dir=\"ltr\" style=\"margin-right: 0px; margin-bottom: 10px; margin-left: 0px; padding: 0px; box-sizing: inherit; white-space-collapse: preserve; overflow-wrap: break-word; text-align: justify;\">Nên mượn tuổi của những người thân quen trong họ nội tộc để tiện trao đổi những thủ tục sau này.</p></li><li dir=\"ltr\" style=\"margin: 0px; padding: 0px; box-sizing: inherit;\"><p dir=\"ltr\" style=\"margin-right: 0px; margin-bottom: 10px; margin-left: 0px; padding: 0px; box-sizing: inherit; white-space-collapse: preserve; overflow-wrap: break-word; text-align: justify;\">Nên mượn tuổi của những người nhiều tuổi hơn chủ nhà.</p></li><li dir=\"ltr\" style=\"margin: 0px; padding: 0px; box-sizing: inherit;\"><p dir=\"ltr\" style=\"margin-right: 0px; margin-bottom: 10px; margin-left: 0px; padding: 0px; box-sizing: inherit; white-space-collapse: preserve; overflow-wrap: break-word; text-align: justify;\">Người được mượn tuổi phải hợp tuổi với năm đó.</p></li><li dir=\"ltr\" style=\"margin: 0px; padding: 0px; box-sizing: inherit;\"><p dir=\"ltr\" style=\"margin-right: 0px; margin-bottom: 10px; margin-left: 0px; padding: 0px; box-sizing: inherit; white-space-collapse: preserve; overflow-wrap: break-word; text-align: justify;\">Khi mượn tuổi phải tìm hiểu thật kỹ, chỉ được mượn tuổi của những người chưa nhận ngôi nhà nào.</p></li><li dir=\"ltr\" style=\"margin: 0px; padding: 0px; box-sizing: inherit;\"><p dir=\"ltr\" style=\"margin-right: 0px; margin-bottom: 10px; margin-left: 0px; padding: 0px; box-sizing: inherit; white-space-collapse: preserve; overflow-wrap: break-word; text-align: justify;\">Người được mượn tuổi sẽ có mặt trong những buổi lễ quan trọng gồm: động thổ, đào móng, cất nóc, đổ mái,… Họ đóng vai trò như chủ nhà để khấn vái thần linh.</p></li></ul>', 2, 1, NULL, 1, '2024-04-16 00:58:37', '2024-04-26 03:06:03');
INSERT INTO `news` (`id`, `title`, `short_desc`, `images`, `date`, `description`, `user_id`, `cate_new_id`, `deleted_at`, `status`, `created_at`, `updated_at`) VALUES
(3, 'Cho thuê văn phòng Duy Tân', 'Cho thuê văn phòng Duy Tân', 'news/1714126072_cho-thue-van-phong-duy-tan-4-638391175008163388.jpg', NULL, '<h2 dir=\"ltr\" id=\"tong-quan-ve-duong-duy-tan-cau-giay\" style=\"margin-right: 0px; margin-bottom: 0px; margin-left: 0px; padding: 10px 0px; box-sizing: inherit; font-size: 22px; font-weight: normal; color: rgb(74, 74, 74); font-family: Roboto, &quot;Noto Sans&quot;, -apple-system, BlinkMacSystemFont, sans-serif; letter-spacing: 0.14px; text-align: justify;\"><strong style=\"margin: 0px; padding: 0px; box-sizing: inherit;\">Tổng quan về đường Duy Tân, Cầu Giấy</strong></h2><div style=\"margin: 0px; padding: 0px; box-sizing: inherit; color: rgb(74, 74, 74); font-family: Roboto, &quot;Noto Sans&quot;, -apple-system, BlinkMacSystemFont, sans-serif; font-size: 16px; letter-spacing: 0.14px; text-align: center;\"><figure class=\"image\" style=\"padding: 0px; box-sizing: inherit; display: inline-block;\"><img alt=\"\" height=\"463\" src=\"https://img.homedy.com/store/images/2023/12/25/cho-thue-van-phong-duy-tan-1-638391173445526666.jpg\" width=\"640\" style=\"margin: 0px; padding: 0px; box-sizing: inherit; max-width: 100%; height: auto; font-style: italic; border-radius: 5px;\"><figcaption style=\"margin: 0px; padding: 0px; box-sizing: inherit;\"><em style=\"margin: 0px; padding: 0px; box-sizing: inherit;\">Đường Duy Tân, Cầu Giấy</em></figcaption></figure></div><p dir=\"ltr\" style=\"margin-right: 0px; margin-bottom: 10px; margin-left: 0px; padding: 0px; box-sizing: inherit; white-space-collapse: preserve; overflow-wrap: break-word; color: rgb(74, 74, 74); font-family: Roboto, &quot;Noto Sans&quot;, -apple-system, BlinkMacSystemFont, sans-serif; font-size: 16px; letter-spacing: 0.14px; text-align: justify;\">Đường Duy Tân là một trong những tuyến đường huyết mạch của quận Cầu Giấy, thành phố Hà Nội. Đường có chiều dài khoảng 1,5 km, nối từ đường Nguyễn Chánh đến đường Trần Thái Tông.</p><p dir=\"ltr\" style=\"margin-right: 0px; margin-bottom: 10px; margin-left: 0px; padding: 0px; box-sizing: inherit; white-space-collapse: preserve; overflow-wrap: break-word; color: rgb(74, 74, 74); font-family: Roboto, &quot;Noto Sans&quot;, -apple-system, BlinkMacSystemFont, sans-serif; font-size: 16px; letter-spacing: 0.14px; text-align: justify;\">Đường Duy Tân có vị trí thuận lợi, nằm gần nhiều cơ quan hành chính, trường học, bệnh viện, khu đô thị, trung tâm thương mại,... Nơi đây cũng là khu vực tập trung nhiều tòa nhà văn phòng, trung tâm thương mại, nhà hàng, quán cafe,... sầm uất.</p><p dir=\"ltr\" style=\"margin-right: 0px; margin-bottom: 10px; margin-left: 0px; padding: 0px; box-sizing: inherit; white-space-collapse: preserve; overflow-wrap: break-word; color: rgb(74, 74, 74); font-family: Roboto, &quot;Noto Sans&quot;, -apple-system, BlinkMacSystemFont, sans-serif; font-size: 16px; letter-spacing: 0.14px; text-align: justify;\">Khu vực này còn có hạ tầng giao thông phát triển, hiện đại. Đường được trải nhựa rộng rãi, có vỉa hè dành cho người đi bộ. Đường có hệ thống đèn chiếu sáng, camera giám sát,... đảm bảo an ninh trật tự.</p><p dir=\"ltr\" style=\"margin-right: 0px; margin-bottom: 10px; margin-left: 0px; padding: 0px; box-sizing: inherit; white-space-collapse: preserve; overflow-wrap: break-word; color: rgb(74, 74, 74); font-family: Roboto, &quot;Noto Sans&quot;, -apple-system, BlinkMacSystemFont, sans-serif; font-size: 16px; letter-spacing: 0.14px; text-align: justify;\">Đường Duy Tân là một địa điểm lý tưởng để sinh sống, làm việc và kinh doanh. Nơi đây có đầy đủ các tiện ích cần thiết, đáp ứng nhu cầu của người dân.</p><h2 dir=\"ltr\" id=\"loi-the-khi-thue-van-phong-duy-tan-cau-giay\" style=\"margin-right: 0px; margin-bottom: 0px; margin-left: 0px; padding: 10px 0px; box-sizing: inherit; font-size: 22px; font-weight: normal; color: rgb(74, 74, 74); font-family: Roboto, &quot;Noto Sans&quot;, -apple-system, BlinkMacSystemFont, sans-serif; letter-spacing: 0.14px; text-align: justify;\"><strong style=\"margin: 0px; padding: 0px; box-sizing: inherit;\">Lợi thế khi thuê văn phòng Duy Tân Cầu Giấy</strong></h2><div style=\"margin: 0px; padding: 0px; box-sizing: inherit; color: rgb(74, 74, 74); font-family: Roboto, &quot;Noto Sans&quot;, -apple-system, BlinkMacSystemFont, sans-serif; font-size: 16px; letter-spacing: 0.14px; text-align: center;\"><figure class=\"image\" style=\"padding: 0px; box-sizing: inherit; display: inline-block;\"><img alt=\"\" height=\"338\" src=\"https://img.homedy.com/store/images/2023/12/25/cho-thue-van-phong-duy-tan-2-638391173892574322.jpg\" width=\"640\" style=\"margin: 0px; padding: 0px; box-sizing: inherit; max-width: 100%; height: auto; font-style: italic; border-radius: 5px;\"><figcaption style=\"margin: 0px; padding: 0px; box-sizing: inherit;\"><em style=\"margin: 0px; padding: 0px; box-sizing: inherit;\">Lợi thế khi thuê văn phòng Duy Tân Cầu Giấy</em></figcaption></figure></div><p dir=\"ltr\" style=\"margin-right: 0px; margin-bottom: 10px; margin-left: 0px; padding: 0px; box-sizing: inherit; white-space-collapse: preserve; overflow-wrap: break-word; color: rgb(74, 74, 74); font-family: Roboto, &quot;Noto Sans&quot;, -apple-system, BlinkMacSystemFont, sans-serif; font-size: 16px; letter-spacing: 0.14px; text-align: justify;\">Duy Tân là một trong những tuyến đường tập trung nhiều tòa văn phòng nhất tại quận Cầu Giấy, Hà Nội. Nhờ lợi thế vị trí và sự đồng bộ về hạ tầng mà khu vực này được nhiều doanh nghiệp lựa chọn đặt văn phòng.</p><p dir=\"ltr\" style=\"margin-right: 0px; margin-bottom: 10px; margin-left: 0px; padding: 0px; box-sizing: inherit; white-space-collapse: preserve; overflow-wrap: break-word; color: rgb(74, 74, 74); font-family: Roboto, &quot;Noto Sans&quot;, -apple-system, BlinkMacSystemFont, sans-serif; font-size: 16px; letter-spacing: 0.14px; text-align: justify;\">Dưới đây là một số lợi thế khi thuê văn phòng Duy Tân Cầu Giấy:</p><ul style=\"margin-right: 0px; margin-bottom: 0px; margin-left: 0px; padding: 0px 0px 0px 40px; box-sizing: inherit; list-style-position: initial; list-style-image: initial; appearance: unset; color: rgb(74, 74, 74); font-family: Roboto, &quot;Noto Sans&quot;, -apple-system, BlinkMacSystemFont, sans-serif; font-size: 16px; letter-spacing: 0.14px;\"><li dir=\"ltr\" style=\"margin: 0px; padding: 0px; box-sizing: inherit;\"><p dir=\"ltr\" style=\"margin-right: 0px; margin-bottom: 10px; margin-left: 0px; padding: 0px; box-sizing: inherit; white-space-collapse: preserve; overflow-wrap: break-word; text-align: justify;\"><strong style=\"margin: 0px; padding: 0px; box-sizing: inherit;\">Vị trí đắc địa: </strong>Duy Tân nằm ở trung tâm quận Cầu Giấy, tiếp giáp với các tuyến đường lớn như Nguyễn Chí Thanh, Hoàng Quốc Việt, Xuân Thủy, Trần Duy Hưng,... Đây là khu vực có giao thông thuận tiện, dễ dàng di chuyển đến các khu vực trung tâm thành phố và các quận lân cận.</p></li><li dir=\"ltr\" style=\"margin: 0px; padding: 0px; box-sizing: inherit;\"><p dir=\"ltr\" style=\"margin-right: 0px; margin-bottom: 10px; margin-left: 0px; padding: 0px; box-sizing: inherit; white-space-collapse: preserve; overflow-wrap: break-word; text-align: justify;\"><strong style=\"margin: 0px; padding: 0px; box-sizing: inherit;\">Môi trường kinh doanh sôi động:</strong> Duy Tân là khu vực tập trung nhiều tòa nhà văn phòng, trung tâm thương mại, khách sạn, nhà hàng,... tạo nên một môi trường kinh doanh sôi động, thuận lợi cho việc phát triển kinh doanh.</p></li><li dir=\"ltr\" style=\"margin: 0px; padding: 0px; box-sizing: inherit;\"><p dir=\"ltr\" style=\"margin-right: 0px; margin-bottom: 10px; margin-left: 0px; padding: 0px; box-sizing: inherit; white-space-collapse: preserve; overflow-wrap: break-word; text-align: justify;\"><strong style=\"margin: 0px; padding: 0px; box-sizing: inherit;\">Tiện ích đầy đủ: </strong>Khu vực xung quanh Duy Tân có sẵn nhiều tiện ích như trung tâm thương mại The Garden, Lotte Hà Nội, Charmvit Tower, nhà hàng, khách sạn,... đáp ứng nhu cầu của doanh nghiệp và nhân viên.</p></li><li dir=\"ltr\" style=\"margin: 0px; padding: 0px; box-sizing: inherit;\"><p dir=\"ltr\" style=\"margin-right: 0px; margin-bottom: 10px; margin-left: 0px; padding: 0px; box-sizing: inherit; white-space-collapse: preserve; overflow-wrap: break-word; text-align: justify;\"><strong style=\"margin: 0px; padding: 0px; box-sizing: inherit;\">Chất lượng văn phòng cao cấp: </strong>Các tòa nhà văn phòng tại Duy Tân được xây dựng hiện đại, trang thiết bị đầy đủ, đáp ứng tiêu chuẩn văn phòng hạng A, hạng B.</p></li></ul><p dir=\"ltr\" style=\"margin-right: 0px; margin-bottom: 10px; margin-left: 0px; padding: 0px; box-sizing: inherit; white-space-collapse: preserve; overflow-wrap: break-word; color: rgb(74, 74, 74); font-family: Roboto, &quot;Noto Sans&quot;, -apple-system, BlinkMacSystemFont, sans-serif; font-size: 16px; letter-spacing: 0.14px; text-align: justify;\">Với những lợi thế trên, Duy Tân là một trong những lựa chọn lý tưởng cho các doanh nghiệp đang tìm kiếm địa điểm đặt văn phòng tại Hà Nội.</p><h2 dir=\"ltr\" id=\"cac-loai-hinh-van-phong-cho-thue-tai-pho-duy-tan\" style=\"margin-right: 0px; margin-bottom: 0px; margin-left: 0px; padding: 10px 0px; box-sizing: inherit; font-size: 22px; font-weight: normal; color: rgb(74, 74, 74); font-family: Roboto, &quot;Noto Sans&quot;, -apple-system, BlinkMacSystemFont, sans-serif; letter-spacing: 0.14px; text-align: justify;\"><strong style=\"margin: 0px; padding: 0px; box-sizing: inherit;\">Các loại hình văn phòng cho thuê tại phố Duy Tân</strong></h2><div style=\"margin: 0px; padding: 0px; box-sizing: inherit; color: rgb(74, 74, 74); font-family: Roboto, &quot;Noto Sans&quot;, -apple-system, BlinkMacSystemFont, sans-serif; font-size: 16px; letter-spacing: 0.14px; text-align: center;\"><figure class=\"image\" style=\"padding: 0px; box-sizing: inherit; display: inline-block;\"><img alt=\"\" height=\"426\" src=\"https://img.homedy.com/store/images/2023/12/25/cho-thue-van-phong-duy-tan-3-638391174314418517.jpg\" width=\"640\" style=\"margin: 0px; padding: 0px; box-sizing: inherit; max-width: 100%; height: auto; font-style: italic; border-radius: 5px;\"><figcaption style=\"margin: 0px; padding: 0px; box-sizing: inherit;\"><em style=\"margin: 0px; padding: 0px; box-sizing: inherit;\">Các loại hình văn phòng cho thuê tại phố Duy Tân</em></figcaption></figure></div><p dir=\"ltr\" style=\"margin-right: 0px; margin-bottom: 10px; margin-left: 0px; padding: 0px; box-sizing: inherit; white-space-collapse: preserve; overflow-wrap: break-word; color: rgb(74, 74, 74); font-family: Roboto, &quot;Noto Sans&quot;, -apple-system, BlinkMacSystemFont, sans-serif; font-size: 16px; letter-spacing: 0.14px; text-align: justify;\">Phố Duy Tân, quận Cầu Giấy, Hà Nội là một trong những khu vực có thị trường cho thuê văn phòng sôi động nhất thủ đô. Các loại hình cho thuê văn phòng phố Duy Tân được phân chia thành 3 hạng chính, bao gồm:</p><p dir=\"ltr\" style=\"margin-right: 0px; margin-bottom: 10px; margin-left: 0px; padding: 0px; box-sizing: inherit; white-space-collapse: preserve; overflow-wrap: break-word; color: rgb(74, 74, 74); font-family: Roboto, &quot;Noto Sans&quot;, -apple-system, BlinkMacSystemFont, sans-serif; font-size: 16px; letter-spacing: 0.14px; text-align: justify;\"><strong style=\"margin: 0px; padding: 0px; box-sizing: inherit;\">Hạng A</strong></p><p dir=\"ltr\" style=\"margin-right: 0px; margin-bottom: 10px; margin-left: 0px; padding: 0px; box-sizing: inherit; white-space-collapse: preserve; overflow-wrap: break-word; color: rgb(74, 74, 74); font-family: Roboto, &quot;Noto Sans&quot;, -apple-system, BlinkMacSystemFont, sans-serif; font-size: 16px; letter-spacing: 0.14px; text-align: justify;\">Đây là loại hình văn phòng cao cấp nhất, được xây dựng theo tiêu chuẩn quốc tế, với đầy đủ tiện nghi và dịch vụ hiện đại. Các tòa nhà văn phòng hạng A tại Duy Tân thường có vị trí đắc địa, gần các trung tâm hành chính, thương mại, tài chính,...</p><p dir=\"ltr\" style=\"margin-right: 0px; margin-bottom: 10px; margin-left: 0px; padding: 0px; box-sizing: inherit; white-space-collapse: preserve; overflow-wrap: break-word; color: rgb(74, 74, 74); font-family: Roboto, &quot;Noto Sans&quot;, -apple-system, BlinkMacSystemFont, sans-serif; font-size: 16px; letter-spacing: 0.14px; text-align: justify;\"><strong style=\"margin: 0px; padding: 0px; box-sizing: inherit;\">Hạng B</strong></p><p dir=\"ltr\" style=\"margin-right: 0px; margin-bottom: 10px; margin-left: 0px; padding: 0px; box-sizing: inherit; white-space-collapse: preserve; overflow-wrap: break-word; color: rgb(74, 74, 74); font-family: Roboto, &quot;Noto Sans&quot;, -apple-system, BlinkMacSystemFont, sans-serif; font-size: 16px; letter-spacing: 0.14px; text-align: justify;\">Loại hình văn phòng này có chất lượng tốt, đáp ứng được các tiêu chuẩn cần thiết cho hoạt động của các doanh nghiệp. Các tòa nhà văn phòng hạng B tại Duy Tân thường có vị trí thuận tiện, giao thông dễ dàng.&nbsp;&nbsp;</p><p dir=\"ltr\" style=\"margin-right: 0px; margin-bottom: 10px; margin-left: 0px; padding: 0px; box-sizing: inherit; white-space-collapse: preserve; overflow-wrap: break-word; color: rgb(74, 74, 74); font-family: Roboto, &quot;Noto Sans&quot;, -apple-system, BlinkMacSystemFont, sans-serif; font-size: 16px; letter-spacing: 0.14px; text-align: justify;\"><strong style=\"margin: 0px; padding: 0px; box-sizing: inherit;\">Hạng C</strong></p><p dir=\"ltr\" style=\"margin-right: 0px; margin-bottom: 10px; margin-left: 0px; padding: 0px; box-sizing: inherit; white-space-collapse: preserve; overflow-wrap: break-word; color: rgb(74, 74, 74); font-family: Roboto, &quot;Noto Sans&quot;, -apple-system, BlinkMacSystemFont, sans-serif; font-size: 16px; letter-spacing: 0.14px; text-align: justify;\">Đây là loại hình văn phòng có chất lượng thấp nhất, giá thuê rẻ. Các tòa nhà văn phòng hạng C tại Duy Tân thường có vị trí nằm sâu trong các ngõ nhỏ, giao thông quá không thuận tiện.</p><p dir=\"ltr\" style=\"margin-right: 0px; margin-bottom: 10px; margin-left: 0px; padding: 0px; box-sizing: inherit; white-space-collapse: preserve; overflow-wrap: break-word; color: rgb(74, 74, 74); font-family: Roboto, &quot;Noto Sans&quot;, -apple-system, BlinkMacSystemFont, sans-serif; font-size: 16px; letter-spacing: 0.14px; text-align: justify;\">Tùy theo nhu cầu và khả năng tài chính, các doanh nghiệp có thể lựa chọn loại hình văn phòng phù hợp. Đối với các doanh nghiệp lớn, có nhu cầu về một không gian làm việc chuyên nghiệp, đẳng cấp, thì văn phòng hạng A là lựa chọn tối ưu. Đối với các doanh nghiệp vừa và nhỏ, có nhu cầu về một không gian làm việc vừa đủ, thì văn phòng hạng B hoặc hạng C là lựa chọn phù hợp.</p><p dir=\"ltr\" style=\"margin-right: 0px; margin-bottom: 10px; margin-left: 0px; padding: 0px; box-sizing: inherit; white-space-collapse: preserve; overflow-wrap: break-word; color: rgb(74, 74, 74); font-family: Roboto, &quot;Noto Sans&quot;, -apple-system, BlinkMacSystemFont, sans-serif; font-size: 16px; letter-spacing: 0.14px; text-align: justify;\">Ngoài phân loại theo hạng, các loại hình cho thuê văn phòng tại Duy Tân còn được phân loại theo diện tích, vị trí, tiện ích,... Do đó, các doanh nghiệp cần tìm hiểu kỹ thông tin trước khi quyết định thuê văn phòng.</p><h2 dir=\"ltr\" id=\"gia-cho-thue-van-phong-duy-tan-hien-nay\" style=\"margin-right: 0px; margin-bottom: 0px; margin-left: 0px; padding: 10px 0px; box-sizing: inherit; font-size: 22px; font-weight: normal; color: rgb(74, 74, 74); font-family: Roboto, &quot;Noto Sans&quot;, -apple-system, BlinkMacSystemFont, sans-serif; letter-spacing: 0.14px; text-align: justify;\"><strong style=\"margin: 0px; padding: 0px; box-sizing: inherit;\">Giá cho thuê văn phòng Duy Tân hiện nay</strong></h2><p dir=\"ltr\" style=\"margin-right: 0px; margin-bottom: 10px; margin-left: 0px; padding: 0px; box-sizing: inherit; white-space-collapse: preserve; overflow-wrap: break-word; color: rgb(74, 74, 74); font-family: Roboto, &quot;Noto Sans&quot;, -apple-system, BlinkMacSystemFont, sans-serif; font-size: 16px; letter-spacing: 0.14px; text-align: justify;\">Duy Tân là một trong những tuyến phố trung tâm của quận Cầu Giấy, Hà Nội. Đây là khu vực tập trung nhiều tòa nhà văn phòng cao cấp, đồng thời cũng là nơi đặt trụ sở của nhiều doanh nghiệp lớn. Giá cho thuê văn phòng tại Duy Tân cũng có sự chênh lệch đáng kể giữa các hạng.</p><p dir=\"ltr\" style=\"margin-right: 0px; margin-bottom: 10px; margin-left: 0px; padding: 0px; box-sizing: inherit; white-space-collapse: preserve; overflow-wrap: break-word; color: rgb(74, 74, 74); font-family: Roboto, &quot;Noto Sans&quot;, -apple-system, BlinkMacSystemFont, sans-serif; font-size: 16px; letter-spacing: 0.14px; text-align: justify;\"><strong style=\"margin: 0px; padding: 0px; box-sizing: inherit;\">&gt; Hạng A: </strong>Các tòa nhà văn phòng hạng A tại Duy Tân có giá thuê cao nhất, từ 20 USD/m2 đến 30 USD/m2. Các tòa nhà này thường có vị trí đắc địa, thiết kế hiện đại, tiện ích đầy đủ và dịch vụ chất lượng cao.</p><p dir=\"ltr\" style=\"margin-right: 0px; margin-bottom: 10px; margin-left: 0px; padding: 0px; box-sizing: inherit; white-space-collapse: preserve; overflow-wrap: break-word; color: rgb(74, 74, 74); font-family: Roboto, &quot;Noto Sans&quot;, -apple-system, BlinkMacSystemFont, sans-serif; font-size: 16px; letter-spacing: 0.14px; text-align: justify;\"><strong style=\"margin: 0px; padding: 0px; box-sizing: inherit;\">&gt; Hạng B: </strong>Các tòa nhà văn phòng hạng B tại Duy Tân có giá thuê thấp hơn hạng A, từ 13 USD/m2 đến 17 USD/m2. Các tòa nhà này vẫn đảm bảo chất lượng tốt, vị trí thuận tiện và các tiện ích cần thiết.&nbsp;</p><p dir=\"ltr\" style=\"margin-right: 0px; margin-bottom: 10px; margin-left: 0px; padding: 0px; box-sizing: inherit; white-space-collapse: preserve; overflow-wrap: break-word; color: rgb(74, 74, 74); font-family: Roboto, &quot;Noto Sans&quot;, -apple-system, BlinkMacSystemFont, sans-serif; font-size: 16px; letter-spacing: 0.14px; text-align: justify;\"><strong style=\"margin: 0px; padding: 0px; box-sizing: inherit;\">&gt; Hạng C: </strong>Các tòa nhà văn phòng hạng C có giá thuê thấp nhất, từ 10 USD/m2 đến 15 USD/m2. Các tòa nhà này thường có vị trí xa trung tâm hơn, thiết kế đơn giản và tiện ích cơ bản.&nbsp;</p><p dir=\"ltr\" style=\"margin-right: 0px; margin-bottom: 10px; margin-left: 0px; padding: 0px; box-sizing: inherit; white-space-collapse: preserve; overflow-wrap: break-word; color: rgb(74, 74, 74); font-family: Roboto, &quot;Noto Sans&quot;, -apple-system, BlinkMacSystemFont, sans-serif; font-size: 16px; letter-spacing: 0.14px; text-align: justify;\">Ngoài giá thuê, doanh nghiệp cũng cần lưu ý đến các chi phí khác khi thuê văn phòng Duy Tân như:</p><ul style=\"margin-right: 0px; margin-bottom: 0px; margin-left: 0px; padding: 0px 0px 0px 40px; box-sizing: inherit; list-style-position: initial; list-style-image: initial; appearance: unset; color: rgb(74, 74, 74); font-family: Roboto, &quot;Noto Sans&quot;, -apple-system, BlinkMacSystemFont, sans-serif; font-size: 16px; letter-spacing: 0.14px;\"><li dir=\"ltr\" style=\"margin: 0px; padding: 0px; box-sizing: inherit;\"><p dir=\"ltr\" style=\"margin-right: 0px; margin-bottom: 10px; margin-left: 0px; padding: 0px; box-sizing: inherit; white-space-collapse: preserve; overflow-wrap: break-word; text-align: justify;\">Phí dịch vụ: Phí dịch vụ bao gồm các chi phí bảo trì, vệ sinh, an ninh, điện nước,... Phí dịch vụ tại các tòa nhà văn phòng Duy Tân thường dao động từ 5 USD/m2 đến 10 USD/m2.</p></li><li dir=\"ltr\" style=\"margin: 0px; padding: 0px; box-sizing: inherit;\"><p dir=\"ltr\" style=\"margin-right: 0px; margin-bottom: 10px; margin-left: 0px; padding: 0px; box-sizing: inherit; white-space-collapse: preserve; overflow-wrap: break-word; text-align: justify;\">Phí quản lý: Phí quản lý bao gồm các chi phí cho các dịch vụ như lễ tân, quản lý tòa nhà,... Phí quản lý tại các tòa nhà văn phòng Duy Tân thường dao động từ 2 USD/m2 đến 5 USD/m2.</p></li></ul><p dir=\"ltr\" style=\"margin-right: 0px; margin-bottom: 10px; margin-left: 0px; padding: 0px; box-sizing: inherit; white-space-collapse: preserve; overflow-wrap: break-word; color: rgb(74, 74, 74); font-family: Roboto, &quot;Noto Sans&quot;, -apple-system, BlinkMacSystemFont, sans-serif; font-size: 16px; letter-spacing: 0.14px; text-align: justify;\">Doanh nghiệp nên tham khảo giá thuê và các chi phí khác từ nhiều nguồn khác nhau để có thể lựa chọn được văn phòng phù hợp với nhu cầu và ngân sách của mình.</p><h2 dir=\"ltr\" id=\"danh-sach-toa-nha-van-phong-cho-thue-tai-duy-tan-cau-giay\" style=\"margin-right: 0px; margin-bottom: 0px; margin-left: 0px; padding: 10px 0px; box-sizing: inherit; font-size: 22px; font-weight: normal; color: rgb(74, 74, 74); font-family: Roboto, &quot;Noto Sans&quot;, -apple-system, BlinkMacSystemFont, sans-serif; letter-spacing: 0.14px; text-align: justify;\"><strong style=\"margin: 0px; padding: 0px; box-sizing: inherit;\">Danh sách tòa nhà văn phòng cho thuê tại Duy Tân, Cầu Giấy</strong></h2><div style=\"margin: 0px; padding: 0px; box-sizing: inherit; color: rgb(74, 74, 74); font-family: Roboto, &quot;Noto Sans&quot;, -apple-system, BlinkMacSystemFont, sans-serif; font-size: 16px; letter-spacing: 0.14px; text-align: center;\"><figure class=\"image\" style=\"padding: 0px; box-sizing: inherit; display: inline-block;\"><img alt=\"\" height=\"434\" src=\"https://img.homedy.com/store/images/2023/12/25/cho-thue-van-phong-duy-tan-4-638391175008163388.jpg\" width=\"640\" style=\"margin: 0px; padding: 0px; box-sizing: inherit; max-width: 100%; height: auto; font-style: italic; border-radius: 5px;\"><figcaption style=\"margin: 0px; padding: 0px; box-sizing: inherit;\"><em style=\"margin: 0px; padding: 0px; box-sizing: inherit;\">Danh sách tòa nhà văn phòng cho thuê tại Duy Tân, Cầu Giấy</em></figcaption></figure></div><p style=\"margin-right: 0px; margin-bottom: 10px; margin-left: 0px; padding: 0px; box-sizing: inherit; white-space-collapse: preserve; overflow-wrap: break-word; color: rgb(74, 74, 74); font-family: Roboto, &quot;Noto Sans&quot;, -apple-system, BlinkMacSystemFont, sans-serif; font-size: 16px; letter-spacing: 0.14px; text-align: justify;\">&nbsp;</p><p dir=\"ltr\" style=\"margin-right: 0px; margin-bottom: 10px; margin-left: 0px; padding: 0px; box-sizing: inherit; white-space-collapse: preserve; overflow-wrap: break-word; color: rgb(74, 74, 74); font-family: Roboto, &quot;Noto Sans&quot;, -apple-system, BlinkMacSystemFont, sans-serif; font-size: 16px; letter-spacing: 0.14px; text-align: justify;\">Phố Duy Tân, quận Cầu Giấy, Hà Nội là một trong những tuyến phố văn phòng sầm uất bậc nhất của thủ đô. Tại đây, tập trung nhiều tòa nhà văn phòng cao cấp, hiện đại, đáp ứng nhu cầu đa dạng của các doanh nghiệp.</p><p dir=\"ltr\" style=\"margin-right: 0px; margin-bottom: 10px; margin-left: 0px; padding: 0px; box-sizing: inherit; white-space-collapse: preserve; overflow-wrap: break-word; color: rgb(74, 74, 74); font-family: Roboto, &quot;Noto Sans&quot;, -apple-system, BlinkMacSystemFont, sans-serif; font-size: 16px; letter-spacing: 0.14px; text-align: justify;\">Dưới đây là danh sách một số tòa nhà văn phòng cho thuê tại Duy Tân, Cầu Giấy:</p><p dir=\"ltr\" style=\"margin-right: 0px; margin-bottom: 10px; margin-left: 0px; padding: 0px; box-sizing: inherit; white-space-collapse: preserve; overflow-wrap: break-word; color: rgb(74, 74, 74); font-family: Roboto, &quot;Noto Sans&quot;, -apple-system, BlinkMacSystemFont, sans-serif; font-size: 16px; letter-spacing: 0.14px; text-align: justify;\"><strong style=\"margin: 0px; padding: 0px; box-sizing: inherit;\">CMC Tower</strong></p><p dir=\"ltr\" style=\"margin-right: 0px; margin-bottom: 10px; margin-left: 0px; padding: 0px; box-sizing: inherit; white-space-collapse: preserve; overflow-wrap: break-word; color: rgb(74, 74, 74); font-family: Roboto, &quot;Noto Sans&quot;, -apple-system, BlinkMacSystemFont, sans-serif; font-size: 16px; letter-spacing: 0.14px; text-align: justify;\">Tòa văn phòng hạng A</p><ul style=\"margin-right: 0px; margin-bottom: 0px; margin-left: 0px; padding: 0px 0px 0px 40px; box-sizing: inherit; list-style-position: initial; list-style-image: initial; appearance: unset; color: rgb(74, 74, 74); font-family: Roboto, &quot;Noto Sans&quot;, -apple-system, BlinkMacSystemFont, sans-serif; font-size: 16px; letter-spacing: 0.14px;\"><li dir=\"ltr\" style=\"margin: 0px; padding: 0px; box-sizing: inherit;\"><p dir=\"ltr\" style=\"margin-right: 0px; margin-bottom: 10px; margin-left: 0px; padding: 0px; box-sizing: inherit; white-space-collapse: preserve; overflow-wrap: break-word; text-align: justify;\">Địa chỉ: Số 11 Duy Tân</p></li><li dir=\"ltr\" style=\"margin: 0px; padding: 0px; box-sizing: inherit;\"><p dir=\"ltr\" style=\"margin-right: 0px; margin-bottom: 10px; margin-left: 0px; padding: 0px; box-sizing: inherit; white-space-collapse: preserve; overflow-wrap: break-word; text-align: justify;\">Số tầng: 20 tầng nổi và 2 tầng hầm</p></li><li dir=\"ltr\" style=\"margin: 0px; padding: 0px; box-sizing: inherit;\"><p dir=\"ltr\" style=\"margin-right: 0px; margin-bottom: 10px; margin-left: 0px; padding: 0px; box-sizing: inherit; white-space-collapse: preserve; overflow-wrap: break-word; text-align: justify;\">Diện tích cho thuê: Linh hoạt từ 100m2 đến nguyên sàn (982m2)</p></li><li dir=\"ltr\" style=\"margin: 0px; padding: 0px; box-sizing: inherit;\"><p dir=\"ltr\" style=\"margin-right: 0px; margin-bottom: 10px; margin-left: 0px; padding: 0px; box-sizing: inherit; white-space-collapse: preserve; overflow-wrap: break-word; text-align: justify;\">Giờ làm việc: Từ thứ 2 – thứ 6: 7h30 -18h30, Thứ 7: 7h30 – 12h</p></li><li dir=\"ltr\" style=\"margin: 0px; padding: 0px; box-sizing: inherit;\"><p dir=\"ltr\" style=\"margin-right: 0px; margin-bottom: 10px; margin-left: 0px; padding: 0px; box-sizing: inherit; white-space-collapse: preserve; overflow-wrap: break-word; text-align: justify;\">Giá thuê: Từ $20 - $20.9/m2 tùy từng tầng và diện tích. Có đàm phán với diện tích lớn và thuê dài hạn.</p></li></ul><p dir=\"ltr\" style=\"margin-right: 0px; margin-bottom: 10px; margin-left: 0px; padding: 0px; box-sizing: inherit; white-space-collapse: preserve; overflow-wrap: break-word; color: rgb(74, 74, 74); font-family: Roboto, &quot;Noto Sans&quot;, -apple-system, BlinkMacSystemFont, sans-serif; font-size: 16px; letter-spacing: 0.14px; text-align: justify;\"><strong style=\"margin: 0px; padding: 0px; box-sizing: inherit;\">Epic Tower Duy Tân</strong></p>', 2, 2, NULL, 1, '2024-04-16 00:58:37', '2024-04-26 03:06:40');
INSERT INTO `news` (`id`, `title`, `short_desc`, `images`, `date`, `description`, `user_id`, `cate_new_id`, `deleted_at`, `status`, `created_at`, `updated_at`) VALUES
(4, 'Dự án Chung cư Thuận An, Bình Dương', 'Dự án Chung cư Thuận An, Bình Dương', 'news/1714126137_chung-cu-thuan-an-1-638381674279990173.jpg', NULL, '<h2 dir=\"ltr\" id=\"tong-quan-thi-truong-can-ho-thuan-an\" style=\"margin-right: 0px; margin-bottom: 0px; margin-left: 0px; padding: 10px 0px; box-sizing: inherit; font-size: 22px; font-weight: normal; color: rgb(74, 74, 74); font-family: Roboto, \"Noto Sans\", -apple-system, BlinkMacSystemFont, sans-serif; letter-spacing: 0.14px; text-align: justify;\"><strong style=\"margin: 0px; padding: 0px; box-sizing: inherit;\">Tổng quan thị trường căn hộ Thuận An</strong></h2><div style=\"margin: 0px; padding: 0px; box-sizing: inherit; color: rgb(74, 74, 74); font-family: Roboto, \"Noto Sans\", -apple-system, BlinkMacSystemFont, sans-serif; font-size: 16px; letter-spacing: 0.14px; text-align: center;\"><figure class=\"image\" style=\"padding: 0px; box-sizing: inherit; display: inline-block;\"><img alt=\"\" height=\"360\" src=\"https://img.homedy.com/store/images/2023/12/14/chung-cu-thuan-an-1-638381674279990173.jpg\" width=\"640\" style=\"margin: 0px; padding: 0px; box-sizing: inherit; max-width: 100%; height: auto; font-style: italic; border-radius: 5px;\"><figcaption style=\"margin: 0px; padding: 0px; box-sizing: inherit;\"><em style=\"margin: 0px; padding: 0px; box-sizing: inherit;\">Tổng quan thị trường căn hộ Thuận An</em></figcaption></figure></div><p dir=\"ltr\" style=\"margin-right: 0px; margin-bottom: 10px; margin-left: 0px; padding: 0px; box-sizing: inherit; white-space-collapse: preserve; overflow-wrap: break-word; color: rgb(74, 74, 74); font-family: Roboto, \"Noto Sans\", -apple-system, BlinkMacSystemFont, sans-serif; font-size: 16px; letter-spacing: 0.14px; text-align: justify;\">Thuận An là thành phố trực thuộc tỉnh Bình Dương, nằm ngay cửa ngõ phía Đông của TP. Hồ Chí Minh. Với vị trí đắc địa, hạ tầng giao thông thuận lợi, Thuận An là một trong những thị trường bất động sản sôi động nhất khu vực phía Nam.</p><p dir=\"ltr\" style=\"margin-right: 0px; margin-bottom: 10px; margin-left: 0px; padding: 0px; box-sizing: inherit; white-space-collapse: preserve; overflow-wrap: break-word; color: rgb(74, 74, 74); font-family: Roboto, \"Noto Sans\", -apple-system, BlinkMacSystemFont, sans-serif; font-size: 16px; letter-spacing: 0.14px; text-align: justify;\">Thị trường căn hộ Thuận An trong những năm gần đây ghi nhận sự tăng trưởng mạnh mẽ về cả nguồn cung và giá bán. Theo thống kê của Sở Xây dựng tỉnh Bình Dương, trong năm 2022, trên địa bàn thành phố Thuận An đã có khoảng 30 dự án căn hộ được cấp phép xây dựng, với tổng số 10.000 căn hộ. Giá bán căn hộ tại Thuận An trong năm 2022 dao động từ 27 - 40 triệu đồng/m2, tăng khoảng 10% so với năm 2021.</p><p dir=\"ltr\" style=\"margin-right: 0px; margin-bottom: 10px; margin-left: 0px; padding: 0px; box-sizing: inherit; white-space-collapse: preserve; overflow-wrap: break-word; color: rgb(74, 74, 74); font-family: Roboto, \"Noto Sans\", -apple-system, BlinkMacSystemFont, sans-serif; font-size: 16px; letter-spacing: 0.14px; text-align: justify;\">Thị trường căn hộ Thuận An được thúc đẩy bởi một số yếu tố chính, bao gồm:</p><ul style=\"margin-right: 0px; margin-bottom: 0px; margin-left: 0px; padding: 0px 0px 0px 40px; box-sizing: inherit; list-style-position: initial; list-style-image: initial; appearance: unset; color: rgb(74, 74, 74); font-family: Roboto, \"Noto Sans\", -apple-system, BlinkMacSystemFont, sans-serif; font-size: 16px; letter-spacing: 0.14px;\"><li dir=\"ltr\" style=\"margin: 0px; padding: 0px; box-sizing: inherit;\"><p dir=\"ltr\" style=\"margin-right: 0px; margin-bottom: 10px; margin-left: 0px; padding: 0px; box-sizing: inherit; white-space-collapse: preserve; overflow-wrap: break-word; text-align: justify;\">Dân số đông, thu nhập cao: Thuận An là nơi tập trung đông đảo lực lượng lao động, chuyên gia, kỹ sư nước ngoài làm việc tại các khu công nghiệp lớn trong khu vực. Đây là nguồn cầu tiềm năng cho thị trường bất động sản nói chung và thị trường căn hộ nói riêng.</p></li><li dir=\"ltr\" style=\"margin: 0px; padding: 0px; box-sizing: inherit;\"><p dir=\"ltr\" style=\"margin-right: 0px; margin-bottom: 10px; margin-left: 0px; padding: 0px; box-sizing: inherit; white-space-collapse: preserve; overflow-wrap: break-word; text-align: justify;\">Hạ tầng giao thông phát triển: Thuận An được hưởng lợi từ hạ tầng giao thông phát triển, bao gồm các tuyến đường huyết mạch như Quốc lộ 13, Đại lộ Bình Dương, Quốc lộ 1K, tuyến Metro B12... giúp kết nối Thuận An với các khu vực lân cận và TP. Hồ Chí Minh một cách thuận tiện.</p></li><li dir=\"ltr\" style=\"margin: 0px; padding: 0px; box-sizing: inherit;\"><p dir=\"ltr\" style=\"margin-right: 0px; margin-bottom: 10px; margin-left: 0px; padding: 0px; box-sizing: inherit; white-space-collapse: preserve; overflow-wrap: break-word; text-align: justify;\">Chính sách thu hút đầu tư: Tỉnh Bình Dương luôn có những chính sách thu hút đầu tư, tạo điều kiện thuận lợi cho các nhà đầu tư trong và ngoài nước. Điều này đã góp phần thúc đẩy kinh tế - xã hội của tỉnh phát triển, kéo theo sự phát triển của thị trường bất động sản.</p></li></ul><p dir=\"ltr\" style=\"margin-right: 0px; margin-bottom: 10px; margin-left: 0px; padding: 0px; box-sizing: inherit; white-space-collapse: preserve; overflow-wrap: break-word; color: rgb(74, 74, 74); font-family: Roboto, \"Noto Sans\", -apple-system, BlinkMacSystemFont, sans-serif; font-size: 16px; letter-spacing: 0.14px; text-align: justify;\">Trong năm 2023, thị trường <strong style=\"margin: 0px; padding: 0px; box-sizing: inherit;\"><a href=\"https://homedy.com/ban-can-ho-thanh-pho-thuan-an-binh-duong\" style=\"margin: 0px; padding: 0px; box-sizing: inherit; text-decoration: none; color: rgb(0, 152, 218); overflow-wrap: break-word; transition: color 0.3s cubic-bezier(0.25, 0.8, 0.25, 1) 0s, background-color, opacity;\">căn hộ Thuận An</a> </strong>được dự báo sẽ tiếp tục duy trì đà tăng trưởng. Tuy nhiên, nguồn cung dự án mới có thể sẽ hạn chế hơn so với năm 2022 do quỹ đất sạch tại Thuận An đang ngày càng khan hiếm. Giá bán căn hộ cũng có thể sẽ tiếp tục tăng nhẹ do áp lực từ lạm phát và giá nguyên vật liệu xây dựng.</p><p dir=\"ltr\" style=\"margin-right: 0px; margin-bottom: 10px; margin-left: 0px; padding: 0px; box-sizing: inherit; white-space-collapse: preserve; overflow-wrap: break-word; color: rgb(74, 74, 74); font-family: Roboto, \"Noto Sans\", -apple-system, BlinkMacSystemFont, sans-serif; font-size: 16px; letter-spacing: 0.14px; text-align: justify;\">Các chuyên gia nhận định, thị trường căn hộ Thuận An vẫn sẽ là kênh đầu tư hấp dẫn trong thời gian tới. Tuy nhiên, nhà đầu tư cần cân nhắc kỹ lưỡng trước khi xuống tiền, lựa chọn dự án có vị trí tốt, chủ đầu tư uy tín và tiềm năng phát triển kinh tế - xã hội của khu vực.</p><h2 dir=\"ltr\" id=\"danh-sach-can-ho-chung-cu-thuan-an-binh-duong\" style=\"margin-right: 0px; margin-bottom: 0px; margin-left: 0px; padding: 10px 0px; box-sizing: inherit; font-size: 22px; font-weight: normal; color: rgb(74, 74, 74); font-family: Roboto, \"Noto Sans\", -apple-system, BlinkMacSystemFont, sans-serif; letter-spacing: 0.14px; text-align: justify;\"><strong style=\"margin: 0px; padding: 0px; box-sizing: inherit;\">Danh sách căn hộ chung cư Thuận An, Bình Dương</strong></h2><div style=\"margin: 0px; padding: 0px; box-sizing: inherit; color: rgb(74, 74, 74); font-family: Roboto, \"Noto Sans\", -apple-system, BlinkMacSystemFont, sans-serif; font-size: 16px; letter-spacing: 0.14px; text-align: center;\"><figure class=\"image\" style=\"padding: 0px; box-sizing: inherit; display: inline-block;\"><img alt=\"\" height=\"437\" src=\"https://img.homedy.com/store/images/2023/12/14/chung-cu-thuan-an-2-638381674778130911.jpg\" width=\"640\" style=\"margin: 0px; padding: 0px; box-sizing: inherit; max-width: 100%; height: auto; font-style: italic; border-radius: 5px;\"><figcaption style=\"margin: 0px; padding: 0px; box-sizing: inherit;\"><em style=\"margin: 0px; padding: 0px; box-sizing: inherit;\">Danh sách căn hộ chung cư Thuận An, Bình Dương</em></figcaption></figure></div><p dir=\"ltr\" style=\"margin-right: 0px; margin-bottom: 10px; margin-left: 0px; padding: 0px; box-sizing: inherit; white-space-collapse: preserve; overflow-wrap: break-word; color: rgb(74, 74, 74); font-family: Roboto, \"Noto Sans\", -apple-system, BlinkMacSystemFont, sans-serif; font-size: 16px; letter-spacing: 0.14px; text-align: justify;\">Dưới đây là danh sách các dự án căn hộ chung cư tại thành phố Thuận An, tỉnh Bình Dương, được cập nhật đến tháng 12 năm 2023:</p><h3 dir=\"ltr\" id=\"at-sky-garden\" style=\"margin-right: 0px; margin-bottom: 0px; margin-left: 0px; padding: 0px; box-sizing: inherit; font-size: 18px; color: rgb(76, 182, 228); font-family: Roboto, \"Noto Sans\", -apple-system, BlinkMacSystemFont, sans-serif; letter-spacing: 0.14px; text-align: justify;\"><strong style=\"margin: 0px; padding: 0px; box-sizing: inherit;\">A&T Sky Garden</strong></h3><p dir=\"ltr\" style=\"margin-right: 0px; margin-bottom: 10px; margin-left: 0px; padding: 0px; box-sizing: inherit; white-space-collapse: preserve; overflow-wrap: break-word; color: rgb(74, 74, 74); font-family: Roboto, \"Noto Sans\", -apple-system, BlinkMacSystemFont, sans-serif; font-size: 16px; letter-spacing: 0.14px; text-align: justify;\">Dự án A&T Sky Garden nằm tại vị trí đắc địa trên trục đường Cách Mạng Tháng 8, cửa ngõ phía Nam của thành phố Thuận An, tỉnh Bình Dương. Dự án được thừa hưởng hệ thống hạ tầng giao thông đồng bộ, thuận tiện kết nối với các khu vực kinh tế trọng điểm của tỉnh Bình Dương và TP.HCM.</p><p dir=\"ltr\" style=\"margin-right: 0px; margin-bottom: 10px; margin-left: 0px; padding: 0px; box-sizing: inherit; white-space-collapse: preserve; overflow-wrap: break-word; color: rgb(74, 74, 74); font-family: Roboto, \"Noto Sans\", -apple-system, BlinkMacSystemFont, sans-serif; font-size: 16px; letter-spacing: 0.14px; text-align: justify;\"><em style=\"margin: 0px; padding: 0px; box-sizing: inherit;\"><strong style=\"margin: 0px; padding: 0px; box-sizing: inherit;\">> Địa chỉ: </strong></em>Đường Cách Mạng Tháng 8, phường Lái Thiêu, thành phố Thuận An, tỉnh Bình Dương. </p><p dir=\"ltr\" style=\"margin-right: 0px; margin-bottom: 10px; margin-left: 0px; padding: 0px; box-sizing: inherit; white-space-collapse: preserve; overflow-wrap: break-word; color: rgb(74, 74, 74); font-family: Roboto, \"Noto Sans\", -apple-system, BlinkMacSystemFont, sans-serif; font-size: 16px; letter-spacing: 0.14px; text-align: justify;\"><em style=\"margin: 0px; padding: 0px; box-sizing: inherit;\"><strong style=\"margin: 0px; padding: 0px; box-sizing: inherit;\">> Chủ đầu tư: </strong></em>A&T Group</p><p dir=\"ltr\" style=\"margin-right: 0px; margin-bottom: 10px; margin-left: 0px; padding: 0px; box-sizing: inherit; white-space-collapse: preserve; overflow-wrap: break-word; color: rgb(74, 74, 74); font-family: Roboto, \"Noto Sans\", -apple-system, BlinkMacSystemFont, sans-serif; font-size: 16px; letter-spacing: 0.14px; text-align: justify;\"><em style=\"margin: 0px; padding: 0px; box-sizing: inherit;\"><strong style=\"margin: 0px; padding: 0px; box-sizing: inherit;\">> Quy mô:</strong></em> Dự án có quy mô 7.684 m2, bao gồm 2 tháp cao 40 tầng nổi và 2 tầng hầm.</p><p dir=\"ltr\" style=\"margin-right: 0px; margin-bottom: 10px; margin-left: 0px; padding: 0px; box-sizing: inherit; white-space-collapse: preserve; overflow-wrap: break-word; color: rgb(74, 74, 74); font-family: Roboto, \"Noto Sans\", -apple-system, BlinkMacSystemFont, sans-serif; font-size: 16px; letter-spacing: 0.14px; text-align: justify;\"><em style=\"margin: 0px; padding: 0px; box-sizing: inherit;\"><strong style=\"margin: 0px; padding: 0px; box-sizing: inherit;\">> Số lượng căn hộ:</strong> </em>Tổng số 1.200 căn hộ, với các loại diện tích từ 50 - 100 m2.</p><p dir=\"ltr\" style=\"margin-right: 0px; margin-bottom: 10px; margin-left: 0px; padding: 0px; box-sizing: inherit; white-space-collapse: preserve; overflow-wrap: break-word; color: rgb(74, 74, 74); font-family: Roboto, \"Noto Sans\", -apple-system, BlinkMacSystemFont, sans-serif; font-size: 16px; letter-spacing: 0.14px; text-align: justify;\"><em style=\"margin: 0px; padding: 0px; box-sizing: inherit;\"><strong style=\"margin: 0px; padding: 0px; box-sizing: inherit;\">> Diện tích:</strong></em> Các loại diện tích căn hộ tại dự án A&T Sky Garden bao gồm:</p><ul style=\"margin-right: 0px; margin-bottom: 0px; margin-left: 0px; padding: 0px 0px 0px 40px; box-sizing: inherit; list-style-position: initial; list-style-image: initial; appearance: unset; color: rgb(74, 74, 74); font-family: Roboto, \"Noto Sans\", -apple-system, BlinkMacSystemFont, sans-serif; font-size: 16px; letter-spacing: 0.14px;\"><li dir=\"ltr\" style=\"margin: 0px; padding: 0px; box-sizing: inherit;\"><p dir=\"ltr\" style=\"margin-right: 0px; margin-bottom: 10px; margin-left: 0px; padding: 0px; box-sizing: inherit; white-space-collapse: preserve; overflow-wrap: break-word; text-align: justify;\">Căn hộ 1 phòng ngủ: 50 - 55 m2</p></li><li dir=\"ltr\" style=\"margin: 0px; padding: 0px; box-sizing: inherit;\"><p dir=\"ltr\" style=\"margin-right: 0px; margin-bottom: 10px; margin-left: 0px; padding: 0px; box-sizing: inherit; white-space-collapse: preserve; overflow-wrap: break-word; text-align: justify;\">Căn hộ 2 phòng ngủ: 70 - 80 m2</p></li><li dir=\"ltr\" style=\"margin: 0px; padding: 0px; box-sizing: inherit;\"><p dir=\"ltr\" style=\"margin-right: 0px; margin-bottom: 10px; margin-left: 0px; padding: 0px; box-sizing: inherit; white-space-collapse: preserve; overflow-wrap: break-word; text-align: justify;\">Căn hộ 3 phòng ngủ: 90 - 100 m2</p></li></ul><p dir=\"ltr\" style=\"margin-right: 0px; margin-bottom: 10px; margin-left: 0px; padding: 0px; box-sizing: inherit; white-space-collapse: preserve; overflow-wrap: break-word; color: rgb(74, 74, 74); font-family: Roboto, \"Noto Sans\", -apple-system, BlinkMacSystemFont, sans-serif; font-size: 16px; letter-spacing: 0.14px; text-align: justify;\"><strong style=\"margin: 0px; padding: 0px; box-sizing: inherit;\"><em style=\"margin: 0px; padding: 0px; box-sizing: inherit;\">> Giá bán:</em> </strong>Giá bán căn hộ tại dự án A&T Sky Garden dao động từ 2,5 - 3,5 tỷ đồng/căn, tùy theo loại căn hộ và vị trí.</p><h3 dir=\"ltr\" id=\"alva-plaza-binh-duong\" style=\"margin-right: 0px; margin-bottom: 0px; margin-left: 0px; padding: 0px; box-sizing: inherit; font-size: 18px; color: rgb(76, 182, 228); font-family: Roboto, \"Noto Sans\", -apple-system, BlinkMacSystemFont, sans-serif; letter-spacing: 0.14px; text-align: justify;\"><strong style=\"margin: 0px; padding: 0px; box-sizing: inherit;\">Alva Plaza Bình Dương</strong></h3><p dir=\"ltr\" style=\"margin-right: 0px; margin-bottom: 10px; margin-left: 0px; padding: 0px; box-sizing: inherit; white-space-collapse: preserve; overflow-wrap: break-word; color: rgb(74, 74, 74); font-family: Roboto, \"Noto Sans\", -apple-system, BlinkMacSystemFont, sans-serif; font-size: 16px; letter-spacing: 0.14px; text-align: justify;\">Dự án<strong style=\"margin: 0px; padding: 0px; box-sizing: inherit;\"> <a href=\"https://homedy.com/alva-plaza-binh-duong-pj79087322\" style=\"margin: 0px; padding: 0px; box-sizing: inherit; text-decoration: none; color: rgb(0, 152, 218); overflow-wrap: break-word; transition: color 0.3s cubic-bezier(0.25, 0.8, 0.25, 1) 0s, background-color, opacity;\">Alva Plaza Bình Dương</a></strong> là khu phức hợp căn hộ, nhà phố thương mại cao cấp tọa lạc tại vị trí đắc địa ngay trung tâm thành phố Thuận An. Dự án được quy hoạch đồng bộ với hệ thống tiện ích nội khu hiện đại, đáp ứng mọi nhu cầu sinh hoạt, vui chơi giải trí của cư dân.</p><p dir=\"ltr\" style=\"margin-right: 0px; margin-bottom: 10px; margin-left: 0px; padding: 0px; box-sizing: inherit; white-space-collapse: preserve; overflow-wrap: break-word; color: rgb(74, 74, 74); font-family: Roboto, \"Noto Sans\", -apple-system, BlinkMacSystemFont, sans-serif; font-size: 16px; letter-spacing: 0.14px; text-align: justify;\"><em style=\"margin: 0px; padding: 0px; box-sizing: inherit;\"><strong style=\"margin: 0px; padding: 0px; box-sizing: inherit;\">> Địa chỉ</strong></em>: Ấp Bình Thuận, Thuận Giao, Thuận An, Bình Dương ( Gần Đại lộ Bình Dương giao với đường Thủ Khoa Huân)</p><p dir=\"ltr\" style=\"margin-right: 0px; margin-bottom: 10px; margin-left: 0px; padding: 0px; box-sizing: inherit; white-space-collapse: preserve; overflow-wrap: break-word; color: rgb(74, 74, 74); font-family: Roboto, \"Noto Sans\", -apple-system, BlinkMacSystemFont, sans-serif; font-size: 16px; letter-spacing: 0.14px; text-align: justify;\"><em style=\"margin: 0px; padding: 0px; box-sizing: inherit;\"><strong style=\"margin: 0px; padding: 0px; box-sizing: inherit;\">> Chủ đầu tư</strong></em>: Công ty Cổ phần Đầu tư Thương mại Bất động sản Đại Quang Minh</p><p dir=\"ltr\" style=\"margin-right: 0px; margin-bottom: 10px; margin-left: 0px; padding: 0px; box-sizing: inherit; white-space-collapse: preserve; overflow-wrap: break-word; color: rgb(74, 74, 74); font-family: Roboto, \"Noto Sans\", -apple-system, BlinkMacSystemFont, sans-serif; font-size: 16px; letter-spacing: 0.14px; text-align: justify;\"><em style=\"margin: 0px; padding: 0px; box-sizing: inherit;\"><strong style=\"margin: 0px; padding: 0px; box-sizing: inherit;\">> Quy mô:</strong></em></p><ul style=\"margin-right: 0px; margin-bottom: 0px; margin-left: 0px; padding: 0px 0px 0px 40px; box-sizing: inherit; list-style-position: initial; list-style-image: initial; appearance: unset; color: rgb(74, 74, 74); font-family: Roboto, \"Noto Sans\", -apple-system, BlinkMacSystemFont, sans-serif; font-size: 16px; letter-spacing: 0.14px;\"><li dir=\"ltr\" style=\"margin: 0px; padding: 0px; box-sizing: inherit;\"><p dir=\"ltr\" style=\"margin-right: 0px; margin-bottom: 10px; margin-left: 0px; padding: 0px; box-sizing: inherit; white-space-collapse: preserve; overflow-wrap: break-word; text-align: justify;\">Diện tích đất: 19.332 m2</p></li><li dir=\"ltr\" style=\"margin: 0px; padding: 0px; box-sizing: inherit;\"><p dir=\"ltr\" style=\"margin-right: 0px; margin-bottom: 10px; margin-left: 0px; padding: 0px; box-sizing: inherit; white-space-collapse: preserve; overflow-wrap: break-word; text-align: justify;\">Số tòa tháp: 2</p></li></ul><p dir=\"ltr\" style=\"margin-right: 0px; margin-bottom: 10px; margin-left: 0px; padding: 0px; box-sizing: inherit; white-space-collapse: preserve; overflow-wrap: break-word; color: rgb(74, 74, 74); font-family: Roboto, \"Noto Sans\", -apple-system, BlinkMacSystemFont, sans-serif; font-size: 16px; letter-spacing: 0.14px; text-align: justify;\"><em style=\"margin: 0px; padding: 0px; box-sizing: inherit;\"><strong style=\"margin: 0px; padding: 0px; box-sizing: inherit;\">> Số lượng căn hộ</strong></em>: 1.500 căn hộ</p><p dir=\"ltr\" style=\"margin-right: 0px; margin-bottom: 10px; margin-left: 0px; padding: 0px; box-sizing: inherit; white-space-collapse: preserve; overflow-wrap: break-word; color: rgb(74, 74, 74); font-family: Roboto, \"Noto Sans\", -apple-system, BlinkMacSystemFont, sans-serif; font-size: 16px; letter-spacing: 0.14px; text-align: justify;\"><em style=\"margin: 0px; padding: 0px; box-sizing: inherit;\"><strong style=\"margin: 0px; padding: 0px; box-sizing: inherit;\">> Diện tích :</strong></em></p><ul style=\"margin-right: 0px; margin-bottom: 0px; margin-left: 0px; padding: 0px 0px 0px 40px; box-sizing: inherit; list-style-position: initial; list-style-image: initial; appearance: unset; color: rgb(74, 74, 74); font-family: Roboto, \"Noto Sans\", -apple-system, BlinkMacSystemFont, sans-serif; font-size: 16px; letter-spacing: 0.14px;\"><li dir=\"ltr\" style=\"margin: 0px; padding: 0px; box-sizing: inherit;\"><p dir=\"ltr\" style=\"margin-right: 0px; margin-bottom: 10px; margin-left: 0px; padding: 0px; box-sizing: inherit; white-space-collapse: preserve; overflow-wrap: break-word; text-align: justify;\">1 phòng ngủ: 49 - 55 m2</p></li><li dir=\"ltr\" style=\"margin: 0px; padding: 0px; box-sizing: inherit;\"><p dir=\"ltr\" style=\"margin-right: 0px; margin-bottom: 10px; margin-left: 0px; padding: 0px; box-sizing: inherit; white-space-collapse: preserve; overflow-wrap: break-word; text-align: justify;\">2 phòng ngủ: 65 - 75 m2</p></li><li dir=\"ltr\" style=\"margin: 0px; padding: 0px; box-sizing: inherit;\"><p dir=\"ltr\" style=\"margin-right: 0px; margin-bottom: 10px; margin-left: 0px; padding: 0px; box-sizing: inherit; white-space-collapse: preserve; overflow-wrap: break-word; text-align: justify;\">3 phòng ngủ: 85 - 95 m2</p></li></ul><p dir=\"ltr\" style=\"margin-right: 0px; margin-bottom: 10px; margin-left: 0px; padding: 0px; box-sizing: inherit; white-space-collapse: preserve; overflow-wrap: break-word; color: rgb(74, 74, 74); font-family: Roboto, \"Noto Sans\", -apple-system, BlinkMacSystemFont, sans-serif; font-size: 16px; letter-spacing: 0.14px; text-align: justify;\"><em style=\"margin: 0px; padding: 0px; box-sizing: inherit;\"><strong style=\"margin: 0px; padding: 0px; box-sizing: inherit;\">> Giá bán: </strong></em>Từ 35 triệu đồng/m2</p><h3 dir=\"ltr\" id=\"anderson-park-thuan-an\" style=\"margin-right: 0px; margin-bottom: 0px; margin-left: 0px; padding: 0px; box-sizing: inherit; font-size: 18px; color: rgb(76, 182, 228); font-family: Roboto, \"Noto Sans\", -apple-system, BlinkMacSystemFont, sans-serif; letter-spacing: 0.14px; text-align: justify;\"><strong style=\"margin: 0px; padding: 0px; box-sizing: inherit;\">Anderson Park Thuận An</strong></h3><div style=\"margin: 0px; padding: 0px; box-sizing: inherit; color: rgb(74, 74, 74); font-family: Roboto, \"Noto Sans\", -apple-system, BlinkMacSystemFont, sans-serif; font-size: 16px; letter-spacing: 0.14px; text-align: center;\"><figure class=\"image\" style=\"padding: 0px; box-sizing: inherit; display: inline-block;\"><img alt=\"\" height=\"360\" src=\"https://img.homedy.com/store/images/2023/12/14/chung-cu-thuan-an-3-638381675429213352.jpg\" width=\"640\" style=\"margin: 0px; padding: 0px; box-sizing: inherit; max-width: 100%; height: auto; font-style: italic; border-radius: 5px;\"><figcaption style=\"margin: 0px; padding: 0px; box-sizing: inherit;\"><em style=\"margin: 0px; padding: 0px; box-sizing: inherit;\">Anderson Park Thuận An</em></figcaption></figure></div><p dir=\"ltr\" style=\"margin-right: 0px; margin-bottom: 10px; margin-left: 0px; padding: 0px; box-sizing: inherit; white-space-collapse: preserve; overflow-wrap: break-word; color: rgb(74, 74, 74); font-family: Roboto, \"Noto Sans\", -apple-system, BlinkMacSystemFont, sans-serif; font-size: 16px; letter-spacing: 0.14px; text-align: justify;\">Dự án Anderson Park Thuận An tọa lạc tại vị trí đắc địa, ngay mặt tiền Quốc lộ 13 và Nguyễn Thị Minh Khai, là cửa ngõ giao thương quan trọng của tỉnh Bình Dương. Dự án sở hữu quy mô lớn, mật độ xây dựng thấp, mang đến không gian sống thoáng mát, xanh mát.</p><p dir=\"ltr\" style=\"margin-right: 0px; margin-bottom: 10px; margin-left: 0px; padding: 0px; box-sizing: inherit; white-space-collapse: preserve; overflow-wrap: break-word; color: rgb(74, 74, 74); font-family: Roboto, \"Noto Sans\", -apple-system, BlinkMacSystemFont, sans-serif; font-size: 16px; letter-spacing: 0.14px; text-align: justify;\">Anderson Park Thuận An được thiết kế theo phong cách hiện đại, sang trọng, với đầy đủ tiện ích nội khu hiện đại như: hồ bơi, phòng tập gym, spa, khu vui chơi trẻ em, trung tâm thương mạ<strong style=\"margin: 0px; padding: 0px; box-sizing: inherit;\">i,...</strong></p><p dir=\"ltr\" style=\"margin-right: 0px; margin-bottom: 10px; margin-left: 0px; padding: 0px; box-sizing: inherit; white-space-collapse: preserve; overflow-wrap: break-word; color: rgb(74, 74, 74); font-family: Roboto, \"Noto Sans\", -apple-system, BlinkMacSystemFont, sans-serif; font-size: 16px; letter-spacing: 0.14px; text-align: justify;\">Với những ưu điểm nổi bật về vị trí, quy mô, thiết kế, tiện ích, Anderson Park Thuận An được đánh giá là một trong những dự án căn hộ cao cấp đáng sống nhất tại Bình Dương hiện nay.</p><p dir=\"ltr\" style=\"margin-right: 0px; margin-bottom: 10px; margin-left: 0px; padding: 0px; box-sizing: inherit; white-space-collapse: preserve; overflow-wrap: break-word; color: rgb(74, 74, 74); font-family: Roboto, \"Noto Sans\", -apple-system, BlinkMacSystemFont, sans-serif; font-size: 16px; letter-spacing: 0.14px; text-align: justify;\"><strong style=\"margin: 0px; padding: 0px; box-sizing: inherit;\"><em style=\"margin: 0px; padding: 0px; box-sizing: inherit;\">> Địa chỉ: </em> </strong>Mặt tiền Quốc lộ 13 & đường Nguyễn Thị Minh Khai, Phường Thuận Giao, TP Thuận An, Tỉnh Bình Dương.</p><p dir=\"ltr\" style=\"margin-right: 0px; margin-bottom: 10px; margin-left: 0px; padding: 0px; box-sizing: inherit; white-space-collapse: preserve; overflow-wrap: break-word; color: rgb(74, 74, 74); font-family: Roboto, \"Noto Sans\", -apple-system, BlinkMacSystemFont, sans-serif; font-size: 16px; letter-spacing: 0.14px; text-align: justify;\"><strong style=\"margin: 0px; padding: 0px; box-sizing: inherit;\"><em style=\"margin: 0px; padding: 0px; box-sizing: inherit;\">> Chủ đầu tư:</em></strong> Công Ty TNHH TM & DV Ngọc Điển</p><p dir=\"ltr\" style=\"margin-right: 0px; margin-bottom: 10px; margin-left: 0px; padding: 0px; box-sizing: inherit; white-space-collapse: preserve; overflow-wrap: break-word; color: rgb(74, 74, 74); font-family: Roboto, \"Noto Sans\", -apple-system, BlinkMacSystemFont, sans-serif; font-size: 16px; letter-spacing: 0.14px; text-align: justify;\"><strong style=\"margin: 0px; padding: 0px; box-sizing: inherit;\"><em style=\"margin: 0px; padding: 0px; box-sizing: inherit;\">> Quy mô (diện tích và số tòa):</em></strong></p><ul style=\"margin-right: 0px; margin-bottom: 0px; margin-left: 0px; padding: 0px 0px 0px 40px; box-sizing: inherit; list-style-position: initial; list-style-image: initial; appearance: unset; color: rgb(74, 74, 74); font-family: Roboto, \"Noto Sans\", -apple-system, BlinkMacSystemFont, sans-serif; font-size: 16px; letter-spacing: 0.14px;\"><li dir=\"ltr\" style=\"margin: 0px; padding: 0px; box-sizing: inherit;\"><p dir=\"ltr\" style=\"margin-right: 0px; margin-bottom: 10px; margin-left: 0px; padding: 0px; box-sizing: inherit; white-space-collapse: preserve; overflow-wrap: break-word; text-align: justify;\">Tổng diện tích: 11,9 ha</p></li><li dir=\"ltr\" style=\"margin: 0px; padding: 0px; box-sizing: inherit;\"><p dir=\"ltr\" style=\"margin-right: 0px; margin-bottom: 10px; margin-left: 0px; padding: 0px; box-sizing: inherit; white-space-collapse: preserve; overflow-wrap: break-word; text-align: justify;\">Số tòa: 5 tòa</p></li></ul><p dir=\"ltr\" style=\"margin-right: 0px; margin-bottom: 10px; margin-left: 0px; padding: 0px; box-sizing: inherit; white-space-collapse: preserve; overflow-wrap: break-word; color: rgb(74, 74, 74); font-family: Roboto, \"Noto Sans\", -apple-system, BlinkMacSystemFont, sans-serif; font-size: 16px; letter-spacing: 0.14px; text-align: justify;\"><strong style=\"margin: 0px; padding: 0px; box-sizing: inherit;\"><em style=\"margin: 0px; padding: 0px; box-sizing: inherit;\">> Số lượng căn hộ</em>: </strong>2.000 căn hộ</p><p dir=\"ltr\" style=\"margin-right: 0px; margin-bottom: 10px; margin-left: 0px; padding: 0px; box-sizing: inherit; white-space-collapse: preserve; overflow-wrap: break-word; color: rgb(74, 74, 74); font-family: Roboto, \"Noto Sans\", -apple-system, BlinkMacSystemFont, sans-serif; font-size: 16px; letter-spacing: 0.14px; text-align: justify;\"><em style=\"margin: 0px; padding: 0px; box-sizing: inherit;\"><strong style=\"margin: 0px; padding: 0px; box-sizing: inherit;\">> Diện tích :</strong></em></p><ul style=\"margin-right: 0px; margin-bottom: 0px; margin-left: 0px; padding: 0px 0px 0px 40px; box-sizing: inherit; list-style-position: initial; list-style-image: initial; appearance: unset; color: rgb(74, 74, 74); font-family: Roboto, \"Noto Sans\", -apple-system, BlinkMacSystemFont, sans-serif; font-size: 16px; letter-spacing: 0.14px;\"><li dir=\"ltr\" style=\"margin: 0px; padding: 0px; box-sizing: inherit;\"><p dir=\"ltr\" style=\"margin-right: 0px; margin-bottom: 10px; margin-left: 0px; padding: 0px; box-sizing: inherit; white-space-collapse: preserve; overflow-wrap: break-word; text-align: justify;\">Căn hộ 1 phòng ngủ: 45-50m2</p></li><li dir=\"ltr\" style=\"margin: 0px; padding: 0px; box-sizing: inherit;\"><p dir=\"ltr\" style=\"margin-right: 0px; margin-bottom: 10px; margin-left: 0px; padding: 0px; box-sizing: inherit; white-space-collapse: preserve; overflow-wrap: break-word; text-align: justify;\">Căn hộ 2 phòng ngủ: 60-70m2</p></li><li dir=\"ltr\" style=\"margin: 0px; padding: 0px; box-sizing: inherit;\"><p dir=\"ltr\" style=\"margin-right: 0px; margin-bottom: 10px; margin-left: 0px; padding: 0px; box-sizing: inherit; white-space-collapse: preserve; overflow-wrap: break-word; text-align: justify;\">Căn hộ 3 phòng ngủ: 80-90m2</p></li></ul><p dir=\"ltr\" style=\"margin-right: 0px; margin-bottom: 10px; margin-left: 0px; padding: 0px; box-sizing: inherit; white-space-collapse: preserve; overflow-wrap: break-word; color: rgb(74, 74, 74); font-family: Roboto, \"Noto Sans\", -apple-system, BlinkMacSystemFont, sans-serif; font-size: 16px; letter-spacing: 0.14px; text-align: justify;\"><strong style=\"margin: 0px; padding: 0px; box-sizing: inherit;\"><em style=\"margin: 0px; padding: 0px; box-sizing: inherit;\">> Giá bán</em>:</strong> Từ 2,5 tỷ đồng/căn</p><h3 dir=\"ltr\" id=\"astar-garden-tower-binh-duong\" style=\"margin-right: 0px; margin-bottom: 0px; margin-left: 0px; padding: 0px; box-sizing: inherit; font-size: 18px; color: rgb(76, 182, 228); font-family: Roboto, \"Noto Sans\", -apple-system, BlinkMacSystemFont, sans-serif; letter-spacing: 0.14px; text-align: justify;\"><strong style=\"margin: 0px; padding: 0px; box-sizing: inherit;\">Astar Garden Tower Bình Dương</strong></h3><p dir=\"ltr\" style=\"margin-right: 0px; margin-bottom: 10px; margin-left: 0px; padding: 0px; box-sizing: inherit; white-space-collapse: preserve; overflow-wrap: break-word; color: rgb(74, 74, 74); font-family: Roboto, \"Noto Sans\", -apple-system, BlinkMacSystemFont, sans-serif; font-size: 16px; letter-spacing: 0.14px; text-align: justify;\">Astar Garden Tower là dự án căn hộ cao cấp tọa lạc tại mặt tiền Quốc Lộ 13, thành phố Thuận An, tỉnh Bình Dương. Dự án được quy hoạch đồng bộ với 3 tòa tháp cao 31 tầng, cung cấp ra thị trường hơn 1.600 sản phẩm căn hộ, shophouse.</p><p dir=\"ltr\" style=\"margin-right: 0px; margin-bottom: 10px; margin-left: 0px; padding: 0px; box-sizing: inherit; white-space-collapse: preserve; overflow-wrap: break-word; color: rgb(74, 74, 74); font-family: Roboto, \"Noto Sans\", -apple-system, BlinkMacSystemFont, sans-serif; font-size: 16px; letter-spacing: 0.14px; text-align: justify;\">Dự án sở hữu vị trí đắc địa, liền kề với các khu công nghiệp lớn, các trường học, bệnh viện và trung tâm thương mại. Ngoài ra, dự án còn được thừa hưởng hệ thống tiện ích nội khu đồng bộ, hiện đại, bao gồm: công viên cây xanh, hồ bơi, khu vui chơi trẻ em, trung tâm thương mại, nhà hàng,...</p><p dir=\"ltr\" style=\"margin-right: 0px; margin-bottom: 10px; margin-left: 0px; padding: 0px; box-sizing: inherit; white-space-collapse: preserve; overflow-wrap: break-word; color: rgb(74, 74, 74); font-family: Roboto, \"Noto Sans\", -apple-system, BlinkMacSystemFont, sans-serif; font-size: 16px; letter-spacing: 0.14px; text-align: justify;\">Với mức giá bán cạnh tranh, Astar Garden Tower là lựa chọn phù hợp cho các gia đình trẻ, năng động có mức thu nhập từ trung bình trở lên.</p><p dir=\"ltr\" style=\"margin-right: 0px; margin-bottom: 10px; margin-left: 0px; padding: 0px; box-sizing: inherit; white-space-collapse: preserve; overflow-wrap: break-word; color: rgb(74, 74, 74); font-family: Roboto, \"Noto Sans\", -apple-system, BlinkMacSystemFont, sans-serif; font-size: 16px; letter-spacing: 0.14px; text-align: justify;\"><strong style=\"margin: 0px; padding: 0px; box-sizing: inherit;\"><em style=\"margin: 0px; padding: 0px; box-sizing: inherit;\">>Địa chỉ:</em> </strong>Số 19/2A, đường Quốc Lộ 13, phường Lái Thiêu, thành phố Thuận An, tỉnh Bình Dương.</p><p dir=\"ltr\" style=\"margin-right: 0px; margin-bottom: 10px; margin-left: 0px; padding: 0px; box-sizing: inherit; white-space-collapse: preserve; overflow-wrap: break-word; color: rgb(74, 74, 74); font-family: Roboto, \"Noto Sans\", -apple-system, BlinkMacSystemFont, sans-serif; font-size: 16px; letter-spacing: 0.14px; text-align: justify;\"><strong style=\"margin: 0px; padding: 0px; box-sizing: inherit;\"><em style=\"margin: 0px; padding: 0px; box-sizing: inherit;\">>Chủ đầu tư</em>:</strong> Công ty Cổ phần Song Hỷ Quốc tế (thành viên của ThuDuc House).</p><p dir=\"ltr\" style=\"margin-right: 0px; margin-bottom: 10px; margin-left: 0px; padding: 0px; box-sizing: inherit; white-space-collapse: preserve; overflow-wrap: break-word; color: rgb(74, 74, 74); font-family: Roboto, \"Noto Sans\", -apple-system, BlinkMacSystemFont, sans-serif; font-size: 16px; letter-spacing: 0.14px; text-align: justify;\"><em style=\"margin: 0px; padding: 0px; box-sizing: inherit;\"><strong style=\"margin: 0px; padding: 0px; box-sizing: inherit;\">>Quy mô:</strong></em></p><ul style=\"margin-right: 0px; margin-bottom: 0px; margin-left: 0px; padding: 0px 0px 0px 40px; box-sizing: inherit; list-style-position: initial; list-style-image: initial; appearance: unset; color: rgb(74, 74, 74); font-family: Roboto, \"Noto Sans\", -apple-system, BlinkMacSystemFont, sans-serif; font-size: 16px; letter-spacing: 0.14px;\"><li dir=\"ltr\" style=\"margin: 0px; padding: 0px; box-sizing: inherit;\"><p dir=\"ltr\" style=\"margin-right: 0px; margin-bottom: 10px; margin-left: 0px; padding: 0px; box-sizing: inherit; white-space-collapse: preserve; overflow-wrap: break-word; text-align: justify;\">Diện tích đất: 1.98 ha</p></li><li dir=\"ltr\" style=\"margin: 0px; padding: 0px; box-sizing: inherit;\"><p dir=\"ltr\" style=\"margin-right: 0px; margin-bottom: 10px; margin-left: 0px; padding: 0px; box-sizing: inherit; white-space-collapse: preserve; overflow-wrap: break-word; text-align: justify;\">Số tòa: 3 tòa cao 31 tầng</p></li></ul><p dir=\"ltr\" style=\"margin-right: 0px; margin-bottom: 10px; margin-left: 0px; padding: 0px; box-sizing: inherit; white-space-collapse: preserve; overflow-wrap: break-word; color: rgb(74, 74, 74); font-family: Roboto, \"Noto Sans\", -apple-system, BlinkMacSystemFont, sans-serif; font-size: 16px; letter-spacing: 0.14px; text-align: justify;\"><strong style=\"margin: 0px; padding: 0px; box-sizing: inherit;\"><em style=\"margin: 0px; padding: 0px; box-sizing: inherit;\">>Số lượng căn hộ</em>: </strong>1.656 căn, bao gồm:</p><ul style=\"margin-right: 0px; margin-bottom: 0px; margin-left: 0px; padding: 0px 0px 0px 40px; box-sizing: inherit; list-style-position: initial; list-style-image: initial; appearance: unset; color: rgb(74, 74, 74); font-family: Roboto, \"Noto Sans\", -apple-system, BlinkMacSystemFont, sans-serif; font-size: 16px; letter-spacing: 0.14px;\"><li dir=\"ltr\" style=\"margin: 0px; padding: 0px; box-sizing: inherit;\"><p dir=\"ltr\" style=\"margin-right: 0px; margin-bottom: 10px; margin-left: 0px; padding: 0px; box-sizing: inherit; white-space-collapse: preserve; overflow-wrap: break-word; text-align: justify;\">Căn hộ 1 phòng ngủ: 40-50 m2</p></li><li dir=\"ltr\" style=\"margin: 0px; padding: 0px; box-sizing: inherit;\"><p dir=\"ltr\" style=\"margin-right: 0px; margin-bottom: 10px; margin-left: 0px; padding: 0px; box-sizing: inherit; white-space-collapse: preserve; overflow-wrap: break-word; text-align: justify;\">Căn hộ 2 phòng ngủ: 60-70 m2</p></li><li dir=\"ltr\" style=\"margin: 0px; padding: 0px; box-sizing: inherit;\"><p dir=\"ltr\" style=\"margin-right: 0px; margin-bottom: 10px; margin-left: 0px; padding: 0px; box-sizing: inherit; white-space-collapse: preserve; overflow-wrap: break-word; text-align: justify;\">Căn hộ 3 phòng ngủ: 80-90 m2</p></li></ul><p dir=\"ltr\" style=\"margin-right: 0px; margin-bottom: 10px; margin-left: 0px; padding: 0px; box-sizing: inherit; white-space-collapse: preserve; overflow-wrap: break-word; color: rgb(74, 74, 74); font-family: Roboto, \"Noto Sans\", -apple-system, BlinkMacSystemFont, sans-serif; font-size: 16px; letter-spacing: 0.14px; text-align: justify;\"><strong style=\"margin: 0px; padding: 0px; box-sizing: inherit;\"><em style=\"margin: 0px; padding: 0px; box-sizing: inherit;\">>Giá bán</em>: </strong>Từ 23-27 triệu đồng/m2</p><h3 dir=\"ltr\" id=\"athome-diamond\" style=\"margin-right: 0px; margin-bottom: 0px; margin-left: 0px; padding: 0px; box-sizing: inherit; font-size: 18px; color: rgb(76, 182, 228); font-family: Roboto, \"Noto Sans\", -apple-system, BlinkMacSystemFont, sans-serif; letter-spacing: 0.14px; text-align: justify;\"><strong style=\"margin: 0px; padding: 0px; box-sizing: inherit;\">Athome Diamond</strong></h3><p dir=\"ltr\" style=\"margin-right: 0px; margin-bottom: 10px; margin-left: 0px; padding: 0px; box-sizing: inherit; white-space-collapse: preserve; overflow-wrap: break-word; color: rgb(74, 74, 74); font-family: Roboto, \"Noto Sans\", -apple-system, BlinkMacSystemFont, sans-serif; font-size: 16px; letter-spacing: 0.14px; text-align: justify;\">Dự án Athome Diamond là một khu căn hộ cao cấp tọa lạc tại phường Lái Thiêu, thành phố Thuận An, tỉnh Bình Dương. Dự án được phát triển bởi Công ty Cổ phần Đầu tư Phát triển Đô thị A&T Bình Dương (thuộc A&T Group) và hứa hẹn sẽ mang đến cho cư dân một cuộc sống hiện đại, tiện nghi và an ninh.</p><p dir=\"ltr\" style=\"margin-right: 0px; margin-bottom: 10px; margin-left: 0px; padding: 0px; box-sizing: inherit; white-space-collapse: preserve; overflow-wrap: break-word; color: rgb(74, 74, 74); font-family: Roboto, \"Noto Sans\", -apple-system, BlinkMacSystemFont, sans-serif; font-size: 16px; letter-spacing: 0.14px; text-align: justify;\"><strong style=\"margin: 0px; padding: 0px; box-sizing: inherit;\"><em style=\"margin: 0px; padding: 0px; box-sizing: inherit;\">> Địa chỉ:</em> </strong> Số 01 Đường D4, KDC Lái Thiêu, Phường Lái Thiêu, Thành phố Thuận An, Tỉnh Bình Dương</p><p dir=\"ltr\" style=\"margin-right: 0px; margin-bottom: 10px; margin-left: 0px; padding: 0px; box-sizing: inherit; white-space-collapse: preserve; overflow-wrap: break-word; color: rgb(74, 74, 74); font-family: Roboto, \"Noto Sans\", -apple-system, BlinkMacSystemFont, sans-serif; font-size: 16px; letter-spacing: 0.14px; text-align: justify;\"><strong style=\"margin: 0px; padding: 0px; box-sizing: inherit;\"><em style=\"margin: 0px; padding: 0px; box-sizing: inherit;\">> Chủ đầu tư</em>: </strong>Công ty Cổ phần Đầu tư Phát triển Đô thị A&T Bình Dương (thuộc A&T Group)</p><p dir=\"ltr\" style=\"margin-right: 0px; margin-bottom: 10px; margin-left: 0px; padding: 0px; box-sizing: inherit; white-space-collapse: preserve; overflow-wrap: break-word; color: rgb(74, 74, 74); font-family: Roboto, \"Noto Sans\", -apple-system, BlinkMacSystemFont, sans-serif; font-size: 16px; letter-spacing: 0.14px; text-align: justify;\"><em style=\"margin: 0px; padding: 0px; box-sizing: inherit;\"><strong style=\"margin: 0px; padding: 0px; box-sizing: inherit;\">> Quy mô:</strong></em></p><p dir=\"ltr\" style=\"margin-right: 0px; margin-bottom: 10px; margin-left: 0px; padding: 0px; box-sizing: inherit; white-space-collapse: preserve; overflow-wrap: break-word; color: rgb(74, 74, 74); font-family: Roboto, \"Noto Sans\", -apple-system, BlinkMacSystemFont, sans-serif; font-size: 16px; letter-spacing: 0.14px; text-align: justify;\">Diện tích khu đất: 7.500 m2</p><p dir=\"ltr\" style=\"margin-right: 0px; margin-bottom: 10px; margin-left: 0px; padding: 0px; box-sizing: inherit; white-space-collapse: preserve; overflow-wrap: break-word; color: rgb(74, 74, 74); font-family: Roboto, \"Noto Sans\", -apple-system, BlinkMacSystemFont, sans-serif; font-size: 16px; letter-spacing: 0.14px; text-align: justify;\">Số tòa tháp: 2 tòa tháp</p><p dir=\"ltr\" style=\"margin-right: 0px; margin-bottom: 10px; margin-left: 0px; padding: 0px; box-sizing: inherit; white-space-collapse: preserve; overflow-wrap: break-word; color: rgb(74, 74, 74); font-family: Roboto, \"Noto Sans\", -apple-system, BlinkMacSystemFont, sans-serif; font-size: 16px; letter-spacing: 0.14px; text-align: justify;\"><strong style=\"margin: 0px; padding: 0px; box-sizing: inherit;\"><em style=\"margin: 0px; padding: 0px; box-sizing: inherit;\">> Số lượng căn hộ:</em>  </strong>1.000 căn hộ</p><p dir=\"ltr\" style=\"margin-right: 0px; margin-bottom: 10px; margin-left: 0px; padding: 0px; box-sizing: inherit; white-space-collapse: preserve; overflow-wrap: break-word; color: rgb(74, 74, 74); font-family: Roboto, \"Noto Sans\", -apple-system, BlinkMacSystemFont, sans-serif; font-size: 16px; letter-spacing: 0.14px; text-align: justify;\"><em style=\"margin: 0px; padding: 0px; box-sizing: inherit;\"><strong style=\"margin: 0px; padding: 0px; box-sizing: inherit;\">> Diện tích:</strong></em></p><ul style=\"margin-right: 0px; margin-bottom: 0px; margin-left: 0px; padding: 0px 0px 0px 40px; box-sizing: inherit; list-style-position: initial; list-style-image: initial; appearance: unset; color: rgb(74, 74, 74); font-family: Roboto, \"Noto Sans\", -apple-system, BlinkMacSystemFont, sans-serif; font-size: 16px; letter-spacing: 0.14px;\"><li dir=\"ltr\" style=\"margin: 0px; padding: 0px; box-sizing: inherit;\"><p dir=\"ltr\" style=\"margin-right: 0px; margin-bottom: 10px; margin-left: 0px; padding: 0px; box-sizing: inherit; white-space-collapse: preserve; overflow-wrap: break-word; text-align: justify;\">2 phòng ngủ: 60 - 65 m2</p></li><li dir=\"ltr\" style=\"margin: 0px; padding: 0px; box-sizing: inherit;\"><p dir=\"ltr\" style=\"margin-right: 0px; margin-bottom: 10px; margin-left: 0px; padding: 0px; box-sizing: inherit; white-space-collapse: preserve; overflow-wrap: break-word; text-align: justify;\">3 phòng ngủ: 75 - 80 m2</p></li><li dir=\"ltr\" style=\"margin: 0px; padding: 0px; box-sizing: inherit;\"><p dir=\"ltr\" style=\"margin-right: 0px; margin-bottom: 10px; margin-left: 0px; padding: 0px; box-sizing: inherit; white-space-collapse: preserve; overflow-wrap: break-word; text-align: justify;\">4 phòng ngủ: 90 - 95 m2</p></li></ul><p dir=\"ltr\" style=\"margin-right: 0px; margin-bottom: 10px; margin-left: 0px; padding: 0px; box-sizing: inherit; white-space-collapse: preserve; overflow-wrap: break-word; color: rgb(74, 74, 74); font-family: Roboto, \"Noto Sans\", -apple-system, BlinkMacSystemFont, sans-serif; font-size: 16px; letter-spacing: 0.14px; text-align: justify;\"><strong style=\"margin: 0px; padding: 0px; box-sizing: inherit;\"><em style=\"margin: 0px; padding: 0px; box-sizing: inherit;\">> Giá bán</em>:</strong></p><ul style=\"margin-right: 0px; margin-bottom: 0px; margin-left: 0px; padding: 0px 0px 0px 40px; box-sizing: inherit; list-style-position: initial; list-style-image: initial; appearance: unset; color: rgb(74, 74, 74); font-family: Roboto, \"Noto Sans\", -apple-system, BlinkMacSystemFont, sans-serif; font-size: 16px; letter-spacing: 0.14px;\"><li dir=\"ltr\" style=\"margin: 0px; padding: 0px; box-sizing: inherit;\"><p dir=\"ltr\" style=\"margin-right: 0px; margin-bottom: 10px; margin-left: 0px; padding: 0px; box-sizing: inherit; white-space-collapse: preserve; overflow-wrap: break-word; text-align: justify;\">Từ 2,6 tỷ đồng/căn 2 phòng ngủ</p></li><li dir=\"ltr\" style=\"margin: 0px; padding: 0px; box-sizing: inherit;\"><p dir=\"ltr\" style=\"margin-right: 0px; margin-bottom: 10px; margin-left: 0px; padding: 0px; box-sizing: inherit; white-space-collapse: preserve; overflow-wrap: break-word; text-align: justify;\">Từ 3,2 tỷ đồng/căn 3 phòng ngủ</p></li><li dir=\"ltr\" style=\"margin: 0px; padding: 0px; box-sizing: inherit;\"><p dir=\"ltr\" style=\"margin-right: 0px; margin-bottom: 10px; margin-left: 0px; padding: 0px; box-sizing: inherit; white-space-collapse: preserve; overflow-wrap: break-word; text-align: justify;\">Từ 4,0 tỷ đồng/căn 4 phòng ngủ</p></li></ul><h3 dir=\"ltr\" id=\"becamex-thuan-an\" style=\"margin-right: 0px; margin-bottom: 0px; margin-left: 0px; padding: 0px; box-sizing: inherit; font-size: 18px; color: rgb(76, 182, 228); font-family: Roboto, \"Noto Sans\", -apple-system, BlinkMacSystemFont, sans-serif; letter-spacing: 0.14px; text-align: justify;\"><strong style=\"margin: 0px; padding: 0px; box-sizing: inherit;\">Becamex Thuận An</strong></h3><p dir=\"ltr\" style=\"margin-right: 0px; margin-bottom: 10px; margin-left: 0px; padding: 0px; box-sizing: inherit; white-space-collapse: preserve; overflow-wrap: break-word; color: rgb(74, 74, 74); font-family: Roboto, \"Noto Sans\", -apple-system, BlinkMacSystemFont, sans-serif; font-size: 16px; letter-spacing: 0.14px; text-align: justify;\">Dự án Becamex Thuận An là một dự án bất động sản do Tập đoàn Becamex IDC làm chủ đầu tư. Dự án nằm tại thị xã Thuận An, tỉnh Bình Dương, một khu vực đang phát triển mạnh mẽ cả về kinh tế, xã hội và đô thị.</p><p dir=\"ltr\" style=\"margin-right: 0px; margin-bottom: 10px; margin-left: 0px; padding: 0px; box-sizing: inherit; white-space-collapse: preserve; overflow-wrap: break-word; color: rgb(74, 74, 74); font-family: Roboto, \"Noto Sans\", -apple-system, BlinkMacSystemFont, sans-serif; font-size: 16px; letter-spacing: 0.14px; text-align: justify;\">Dự án Becamex Thuận An được kỳ vọng sẽ góp phần giải quyết nhu cầu nhà ở cho người dân địa phương và các chuyên gia, kỹ sư làm việc tại các khu công nghiệp lân cận. Đồng thời, dự án cũng sẽ góp phần thúc đẩy sự phát triển kinh tế - xã hội của thị xã Thuận An nói riêng và tỉnh Bình Dương nói chung.</p><p dir=\"ltr\" style=\"margin-right: 0px; margin-bottom: 10px; margin-left: 0px; padding: 0px; box-sizing: inherit; white-space-collapse: preserve; overflow-wrap: break-word; color: rgb(74, 74, 74); font-family: Roboto, \"Noto Sans\", -apple-system, BlinkMacSystemFont, sans-serif; font-size: 16px; letter-spacing: 0.14px; text-align: justify;\"><strong style=\"margin: 0px; padding: 0px; box-sizing: inherit;\"><em style=\"margin: 0px; padding: 0px; box-sizing: inherit;\">> Địa chỉ: </em> </strong>Thị xã Thuận An, tỉnh Bình Dương</p><p dir=\"ltr\" style=\"margin-right: 0px; margin-bottom: 10px; margin-left: 0px; padding: 0px; box-sizing: inherit; white-space-collapse: preserve; overflow-wrap: break-word; color: rgb(74, 74, 74); font-family: Roboto, \"Noto Sans\", -apple-system, BlinkMacSystemFont, sans-serif; font-size: 16px; letter-spacing: 0.14px; text-align: justify;\"><em style=\"margin: 0px; padding: 0px; box-sizing: inherit;\"><strong style=\"margin: 0px; padding: 0px; box-sizing: inherit;\">> Chủ đầu tư:</strong></em> Tập đoàn Becamex IDC</p><p dir=\"ltr\" style=\"margin-right: 0px; margin-bottom: 10px; margin-left: 0px; padding: 0px; box-sizing: inherit; white-space-collapse: preserve; overflow-wrap: break-word; color: rgb(74, 74, 74); font-family: Roboto, \"Noto Sans\", -apple-system, BlinkMacSystemFont, sans-serif; font-size: 16px; letter-spacing: 0.14px; text-align: justify;\"><em style=\"margin: 0px; padding: 0px; box-sizing: inherit;\"><strong style=\"margin: 0px; padding: 0px; box-sizing: inherit;\">> Quy mô : </strong></em></p><ul style=\"margin-right: 0px; margin-bottom: 0px; margin-left: 0px; padding: 0px 0px 0px 40px; box-sizing: inherit; list-style-position: initial; list-style-image: initial; appearance: unset; color: rgb(74, 74, 74); font-family: Roboto, \"Noto Sans\", -apple-system, BlinkMacSystemFont, sans-serif; font-size: 16px; letter-spacing: 0.14px;\"><li dir=\"ltr\" style=\"margin: 0px; padding: 0px; box-sizing: inherit;\"><p dir=\"ltr\" style=\"margin-right: 0px; margin-bottom: 10px; margin-left: 0px; padding: 0px; box-sizing: inherit; white-space-collapse: preserve; overflow-wrap: break-word; text-align: justify;\">Diện tích: 220 ha</p></li><li dir=\"ltr\" style=\"margin: 0px; padding: 0px; box-sizing: inherit;\"><p dir=\"ltr\" style=\"margin-right: 0px; margin-bottom: 10px; margin-left: 0px; padding: 0px; box-sizing: inherit; white-space-collapse: preserve; overflow-wrap: break-word; text-align: justify;\">Số tòa: 10 tòa</p></li></ul><p dir=\"ltr\" style=\"margin-right: 0px; margin-bottom: 10px; margin-left: 0px; padding: 0px; box-sizing: inherit; white-space-collapse: preserve; overflow-wrap: break-word; color: rgb(74, 74, 74); font-family: Roboto, \"Noto Sans\", -apple-system, BlinkMacSystemFont, sans-serif; font-size: 16px; letter-spacing: 0.14px; text-align: justify;\"><strong style=\"margin: 0px; padding: 0px; box-sizing: inherit;\">> <em style=\"margin: 0px; padding: 0px; box-sizing: inherit;\">Số lượng căn hộ</em>: </strong>Khoảng 10.000 căn hộ</p><p dir=\"ltr\" style=\"margin-right: 0px; margin-bottom: 10px; margin-left: 0px; padding: 0px; box-sizing: inherit; white-space-collapse: preserve; overflow-wrap: break-word; color: rgb(74, 74, 74); font-family: Roboto, \"Noto Sans\", -apple-system, BlinkMacSystemFont, sans-serif; font-size: 16px; letter-spacing: 0.14px; text-align: justify;\"><em style=\"margin: 0px; padding: 0px; box-sizing: inherit;\"><strong style=\"margin: 0px; padding: 0px; box-sizing: inherit;\">> Diện tích:</strong></em></p><ul style=\"margin-right: 0px; margin-bottom: 0px; margin-left: 0px; padding: 0px 0px 0px 40px; box-sizing: inherit; list-style-position: initial; list-style-image: initial; appearance: unset; color: rgb(74, 74, 74); font-family: Roboto, \"Noto Sans\", -apple-system, BlinkMacSystemFont, sans-serif; font-size: 16px; letter-spacing: 0.14px;\"><li dir=\"ltr\" style=\"margin: 0px; padding: 0px; box-sizing: inherit;\"><p dir=\"ltr\" style=\"margin-right: 0px; margin-bottom: 10px; margin-left: 0px; padding: 0px; box-sizing: inherit; white-space-collapse: preserve; overflow-wrap: break-word; text-align: justify;\">Căn hộ 1 phòng ngủ: 50-55 m2</p></li><li dir=\"ltr\" style=\"margin: 0px; padding: 0px; box-sizing: inherit;\"><p dir=\"ltr\" style=\"margin-right: 0px; margin-bottom: 10px; margin-left: 0px; padding: 0px; box-sizing: inherit; white-space-collapse: preserve; overflow-wrap: break-word; text-align: justify;\">Căn hộ 2 phòng ngủ: 60-70 m2</p></li><li dir=\"ltr\" style=\"margin: 0px; padding: 0px; box-sizing: inherit;\"><p dir=\"ltr\" style=\"margin-right: 0px; margin-bottom: 10px; margin-left: 0px; padding: 0px; box-sizing: inherit; white-space-collapse: preserve; overflow-wrap: break-word; text-align: justify;\">Căn hộ 3 phòng ngủ: 80-90 m2</p></li></ul><p dir=\"ltr\" style=\"margin-right: 0px; margin-bottom: 10px; margin-left: 0px; padding: 0px; box-sizing: inherit; white-space-collapse: preserve; overflow-wrap: break-word; color: rgb(74, 74, 74); font-family: Roboto, \"Noto Sans\", -apple-system, BlinkMacSystemFont, sans-serif; font-size: 16px; letter-spacing: 0.14px; text-align: justify;\"><em style=\"margin: 0px; padding: 0px; box-sizing: inherit;\"><strong style=\"margin: 0px; padding: 0px; box-sizing: inherit;\">> Giá bán:</strong></em></p><ul style=\"margin-right: 0px; margin-bottom: 0px; margin-left: 0px; padding: 0px 0px 0px 40px; box-sizing: inherit; list-style-position: initial; list-style-image: initial; appearance: unset; color: rgb(74, 74, 74); font-family: Roboto, \"Noto Sans\", -apple-system, BlinkMacSystemFont, sans-serif; font-size: 16px; letter-spacing: 0.14px;\"><li dir=\"ltr\" style=\"margin: 0px; padding: 0px; box-sizing: inherit;\"><p dir=\"ltr\" style=\"margin-right: 0px; margin-bottom: 10px; margin-left: 0px; padding: 0px; box-sizing: inherit; white-space-collapse: preserve; overflow-wrap: break-word; text-align: justify;\">Căn hộ 1 phòng ngủ: Từ 1,5 tỷ đồng</p></li><li dir=\"ltr\" style=\"margin: 0px; padding: 0px; box-sizing: inherit;\"><p dir=\"ltr\" style=\"margin-right: 0px; margin-bottom: 10px; margin-left: 0px; padding: 0px; box-sizing: inherit; white-space-collapse: preserve; overflow-wrap: break-word; text-align: justify;\">Căn hộ 2 phòng ngủ: Từ 2 tỷ đồng</p></li><li dir=\"ltr\" style=\"margin: 0px; padding: 0px; box-sizing: inherit;\"><p dir=\"ltr\" style=\"margin-right: 0px; margin-bottom: 10px; margin-left: 0px; padding: 0px; box-sizing: inherit; white-space-collapse: preserve; overflow-wrap: break-word; text-align: justify;\">Căn hộ 3 phòng ngủ: Từ 2,5 tỷ đồng</p></li></ul><h3 dir=\"ltr\" id=\"binh-duong-tower\" style=\"margin-right: 0px; margin-bottom: 0px; margin-left: 0px; padding: 0px; box-sizing: inherit; font-size: 18px; color: rgb(76, 182, 228); font-family: Roboto, \"Noto Sans\", -apple-system, BlinkMacSystemFont, sans-serif; letter-spacing: 0.14px; text-align: justify;\"><strong style=\"margin: 0px; padding: 0px; box-sizing: inherit;\">Bình Dương Tower</strong></h3><p dir=\"ltr\" style=\"margin-right: 0px; margin-bottom: 10px; margin-left: 0px; padding: 0px; box-sizing: inherit; white-space-collapse: preserve; overflow-wrap: break-word; color: rgb(74, 74, 74); font-family: Roboto, \"Noto Sans\", -apple-system, BlinkMacSystemFont, sans-serif; font-size: 16px; letter-spacing: 0.14px; text-align: justify;\">Dự án Bình Dương Tower là một dự án căn hộ cao cấp tọa lạc tại trung tâm thành phố Thuận An, tỉnh Bình Dương. Dự án được phát triển bởi Công ty Cổ phần Bất động sản Đầu tư và Phát triển cao ốc Bình Dương, một trong những nhà phát triển bất động sản uy tín hàng đầu tại Việt Nam.</p><p dir=\"ltr\" style=\"margin-right: 0px; margin-bottom: 10px; margin-left: 0px; padding: 0px; box-sizing: inherit; white-space-collapse: preserve; overflow-wrap: break-word; color: rgb(74, 74, 74); font-family: Roboto, \"Noto Sans\", -apple-system, BlinkMacSystemFont, sans-serif; font-size: 16px; letter-spacing: 0.14px; text-align: justify;\">Dự án được thiết kế với kiến trúc hiện đại, sang trọng, tích hợp hệ thống tiện ích nội khu đẳng cấp như: hồ bơi, phòng gym, spa, khu vui chơi trẻ em,...</p><p dir=\"ltr\" style=\"margin-right: 0px; margin-bottom: 10px; margin-left: 0px; padding: 0px; box-sizing: inherit; white-space-collapse: preserve; overflow-wrap: break-word; color: rgb(74, 74, 74); font-family: Roboto, \"Noto Sans\", -apple-system, BlinkMacSystemFont, sans-serif; font-size: 16px; letter-spacing: 0.14px; text-align: justify;\">Dự án Bình Dương Tower hứa hẹn sẽ là một điểm sáng mới của thị trường bất động sản Bình Dương, mang đến cho cư dân một không gian sống chất lượng, đẳng cấp.</p>', 2, 2, NULL, 1, '2024-04-16 00:58:37', '2024-04-26 03:08:53');
INSERT INTO `news` (`id`, `title`, `short_desc`, `images`, `date`, `description`, `user_id`, `cate_new_id`, `deleted_at`, `status`, `created_at`, `updated_at`) VALUES
(5, 'Đất nông nghiệp gồm những loại nào?', 'Đất nông nghiệp gồm những loại nào? Phân loại, đặc điểm và ký hiệu', 'news/1714126445_dat-nong-nghiep-gom-nhung-loai-nao-1-638355727070803035.jpg', NULL, '<h2 dir=\"ltr\" id=\"dat-nong-nghiep-gom-nhung-loai-nao\" style=\"margin-right: 0px; margin-bottom: 0px; margin-left: 0px; padding: 10px 0px; box-sizing: inherit; font-size: 22px; font-weight: normal; color: rgb(74, 74, 74); font-family: Roboto, \"Noto Sans\", -apple-system, BlinkMacSystemFont, sans-serif; letter-spacing: 0.14px; text-align: justify;\"><strong style=\"margin: 0px; padding: 0px; box-sizing: inherit;\">Đất nông nghiệp gồm những loại nào?</strong></h2><div style=\"margin: 0px; padding: 0px; box-sizing: inherit; color: rgb(74, 74, 74); font-family: Roboto, \"Noto Sans\", -apple-system, BlinkMacSystemFont, sans-serif; font-size: 16px; letter-spacing: 0.14px; text-align: center;\"><figure class=\"image\" style=\"padding: 0px; box-sizing: inherit; display: inline-block;\"><img alt=\"\" height=\"335\" src=\"https://img.homedy.com/store/images/2023/11/14/dat-nong-nghiep-gom-nhung-loai-nao-1-638355727070803035.jpg\" width=\"640\" style=\"margin: 0px; padding: 0px; box-sizing: inherit; max-width: 100%; height: auto; font-style: italic; border-radius: 5px;\"><figcaption style=\"margin: 0px; padding: 0px; box-sizing: inherit;\"><em style=\"margin: 0px; padding: 0px; box-sizing: inherit;\">Đất nông nghiệp là gì, gồm những loại nào?</em></figcaption></figure></div><p dir=\"ltr\" style=\"margin-right: 0px; margin-bottom: 10px; margin-left: 0px; padding: 0px; box-sizing: inherit; white-space-collapse: preserve; overflow-wrap: break-word; color: rgb(74, 74, 74); font-family: Roboto, \"Noto Sans\", -apple-system, BlinkMacSystemFont, sans-serif; font-size: 16px; letter-spacing: 0.14px; text-align: justify;\">Để biết được đất nông nghiệp gồm những loại nào, đầu tiên chúng ta hãy tìm hiểu khái niệm đất nông nghiệp nhé.</p><p dir=\"ltr\" style=\"margin-right: 0px; margin-bottom: 10px; margin-left: 0px; padding: 0px; box-sizing: inherit; white-space-collapse: preserve; overflow-wrap: break-word; color: rgb(74, 74, 74); font-family: Roboto, \"Noto Sans\", -apple-system, BlinkMacSystemFont, sans-serif; font-size: 16px; letter-spacing: 0.14px; text-align: justify;\"><strong style=\"margin: 0px; padding: 0px; box-sizing: inherit;\">Đất nông nghiệp </strong>là loại đất có mục đích sử dụng cho sản xuất nông nghiệp, bao gồm trồng trọt, chăn nuôi, trồng rừng, nuôi trồng thủy sản, làm muối và các hoạt động khác liên quan đến nông nghiệp. Đất nông nghiệp là tư liệu sản xuất chủ yếu vừa là tài liệu lao động vừa là đối tượng lao động, và đặc biệt không thể thay thế được của ngành nông- lâm nghiệp.</p><p dir=\"ltr\" style=\"margin-right: 0px; margin-bottom: 10px; margin-left: 0px; padding: 0px; box-sizing: inherit; white-space-collapse: preserve; overflow-wrap: break-word; color: rgb(74, 74, 74); font-family: Roboto, \"Noto Sans\", -apple-system, BlinkMacSystemFont, sans-serif; font-size: 16px; letter-spacing: 0.14px; text-align: justify;\">Đất nông nghiệp bao gồm những loại đất nào? Theo Luật đất đai 2013, đất nông nghiệp được chia thành các loại đất sau:</p><ol style=\"margin-right: 0px; margin-bottom: 0px; margin-left: 0px; padding: 0px 0px 0px 40px; box-sizing: inherit; color: rgb(74, 74, 74); font-family: Roboto, \"Noto Sans\", -apple-system, BlinkMacSystemFont, sans-serif; font-size: 16px; letter-spacing: 0.14px;\"><li dir=\"ltr\" style=\"margin: 0px; padding: 0px; box-sizing: inherit;\"><p dir=\"ltr\" style=\"margin-right: 0px; margin-bottom: 10px; margin-left: 0px; padding: 0px; box-sizing: inherit; white-space-collapse: preserve; overflow-wrap: break-word; text-align: justify;\"><em style=\"margin: 0px; padding: 0px; box-sizing: inherit;\"><strong style=\"margin: 0px; padding: 0px; box-sizing: inherit;\">Đất trồng cây hàng năm</strong></em>: là đất trồng các loại cây có thời gian sinh trưởng và thu hoạch không quá một năm, như lúa, hoa màu, mía, hoa, rau quả…</p></li><li dir=\"ltr\" style=\"margin: 0px; padding: 0px; box-sizing: inherit;\"><p dir=\"ltr\" style=\"margin-right: 0px; margin-bottom: 10px; margin-left: 0px; padding: 0px; box-sizing: inherit; white-space-collapse: preserve; overflow-wrap: break-word; text-align: justify;\"><em style=\"margin: 0px; padding: 0px; box-sizing: inherit;\"><strong style=\"margin: 0px; padding: 0px; box-sizing: inherit;\">Đất trồng cây lâu năm</strong></em>: là đất trồng các loại cây có thời gian sinh trưởng trên một năm, như cây ăn quả, cây công nghiệp, cây lấy thân gỗ…</p></li><li dir=\"ltr\" style=\"margin: 0px; padding: 0px; box-sizing: inherit;\"><p dir=\"ltr\" style=\"margin-right: 0px; margin-bottom: 10px; margin-left: 0px; padding: 0px; box-sizing: inherit; white-space-collapse: preserve; overflow-wrap: break-word; text-align: justify;\"><em style=\"margin: 0px; padding: 0px; box-sizing: inherit;\"><strong style=\"margin: 0px; padding: 0px; box-sizing: inherit;\">Đất rừng sản xuất</strong></em>: là đất trồng rừng để cung cấp nguyên liệu gỗ và các sản phẩm khác của rừng.</p></li><li dir=\"ltr\" style=\"margin: 0px; padding: 0px; box-sizing: inherit;\"><p dir=\"ltr\" style=\"margin-right: 0px; margin-bottom: 10px; margin-left: 0px; padding: 0px; box-sizing: inherit; white-space-collapse: preserve; overflow-wrap: break-word; text-align: justify;\"><em style=\"margin: 0px; padding: 0px; box-sizing: inherit;\"><strong style=\"margin: 0px; padding: 0px; box-sizing: inherit;\">Đất rừng phòng hộ</strong></em>: là đất trồng rừng để bảo vệ đất, nước, khí hậu, môi trường và đa dạng sinh học.</p></li><li dir=\"ltr\" style=\"margin: 0px; padding: 0px; box-sizing: inherit;\"><p dir=\"ltr\" style=\"margin-right: 0px; margin-bottom: 10px; margin-left: 0px; padding: 0px; box-sizing: inherit; white-space-collapse: preserve; overflow-wrap: break-word; text-align: justify;\"><em style=\"margin: 0px; padding: 0px; box-sizing: inherit;\"><strong style=\"margin: 0px; padding: 0px; box-sizing: inherit;\">Đất rừng đặc dụng</strong></em>: là đất trồng rừng để phục vụ các mục đích đặc biệt như bảo tồn di tích lịch sử, văn hóa, khoa học, du lịch, giáo dục…</p></li><li dir=\"ltr\" style=\"margin: 0px; padding: 0px; box-sizing: inherit;\"><p dir=\"ltr\" style=\"margin-right: 0px; margin-bottom: 10px; margin-left: 0px; padding: 0px; box-sizing: inherit; white-space-collapse: preserve; overflow-wrap: break-word; text-align: justify;\"><em style=\"margin: 0px; padding: 0px; box-sizing: inherit;\"><strong style=\"margin: 0px; padding: 0px; box-sizing: inherit;\">Đất nuôi trồng thủy sản</strong></em>: là đất dùng để nuôi trồng các loại động vật, thực vật sống trong nước, như cá, tôm, cua, ốc, rong biển…</p></li><li dir=\"ltr\" style=\"margin: 0px; padding: 0px; box-sizing: inherit;\"><p dir=\"ltr\" style=\"margin-right: 0px; margin-bottom: 10px; margin-left: 0px; padding: 0px; box-sizing: inherit; white-space-collapse: preserve; overflow-wrap: break-word; text-align: justify;\"><em style=\"margin: 0px; padding: 0px; box-sizing: inherit;\"><strong style=\"margin: 0px; padding: 0px; box-sizing: inherit;\">Đất làm muối:</strong></em> là đất dùng để sản xuất muối từ nước biển, nước mặn hoặc nước khoáng mặn.</p></li><li dir=\"ltr\" style=\"margin: 0px; padding: 0px; box-sizing: inherit;\"><p dir=\"ltr\" style=\"margin-right: 0px; margin-bottom: 10px; margin-left: 0px; padding: 0px; box-sizing: inherit; white-space-collapse: preserve; overflow-wrap: break-word; text-align: justify;\"><em style=\"margin: 0px; padding: 0px; box-sizing: inherit;\"><strong style=\"margin: 0px; padding: 0px; box-sizing: inherit;\">Đất nông nghiệp khác</strong></em>: là đất dùng để xây dựng nhà kính, chuồng trại, ươm tạo cây giống, con giống, trồng hoa, cây cảnh, hoặc đất trồng trọt, chăn nuôi, nuôi trồng thủy sản cho mục đích học tập, nghiên cứu thí nghiệm.</p></li></ol><p dir=\"ltr\" style=\"margin-right: 0px; margin-bottom: 10px; margin-left: 0px; padding: 0px; box-sizing: inherit; white-space-collapse: preserve; overflow-wrap: break-word; color: rgb(74, 74, 74); font-family: Roboto, \"Noto Sans\", -apple-system, BlinkMacSystemFont, sans-serif; font-size: 16px; letter-spacing: 0.14px; text-align: justify;\">Tới đây hẳn nhiều người có cùng thắc mắc rằng <strong style=\"margin: 0px; padding: 0px; box-sizing: inherit;\">đất vườn có phải là đất nông nghiệp không?</strong> Đất vườn ao có thể được xác định là đất nông nghiệp hoặc đất phi nông nghiệp, tùy thuộc vào mục đích sử dụng của nó.</p><ul style=\"margin-right: 0px; margin-bottom: 0px; margin-left: 0px; padding: 0px 0px 0px 40px; box-sizing: inherit; list-style-position: initial; list-style-image: initial; appearance: unset; color: rgb(74, 74, 74); font-family: Roboto, \"Noto Sans\", -apple-system, BlinkMacSystemFont, sans-serif; font-size: 16px; letter-spacing: 0.14px;\"><li dir=\"ltr\" style=\"margin: 0px; padding: 0px; box-sizing: inherit;\"><p dir=\"ltr\" style=\"margin-right: 0px; margin-bottom: 10px; margin-left: 0px; padding: 0px; box-sizing: inherit; white-space-collapse: preserve; overflow-wrap: break-word; text-align: justify;\">Đất vườn ao là đất nông nghiệp: Theo khoản 6 Điều 106 Luật Đất đai 2013, đất vườn ao của hộ gia đình, cá nhân được xác định là đất nông nghiệp nếu được sử dụng để sản xuất, kinh doanh nông nghiệp, lâm nghiệp, nuôi trồng thủy sản, làm muối.</p></li><li dir=\"ltr\" style=\"margin: 0px; padding: 0px; box-sizing: inherit;\"><p dir=\"ltr\" style=\"margin-right: 0px; margin-bottom: 10px; margin-left: 0px; padding: 0px; box-sizing: inherit; white-space-collapse: preserve; overflow-wrap: break-word; text-align: justify;\">Đất vườn ao là đất phi nông nghiệp: Trường hợp đất ao của hộ gia đình, cá nhân nằm cùng thửa đất đã có nhà ở thì được công nhận là đất ở theo khoản 1 Điều 103 Luật Đất đai 2013.</p></li></ul><p dir=\"ltr\" style=\"margin-right: 0px; margin-bottom: 10px; margin-left: 0px; padding: 0px; box-sizing: inherit; white-space-collapse: preserve; overflow-wrap: break-word; color: rgb(74, 74, 74); font-family: Roboto, \"Noto Sans\", -apple-system, BlinkMacSystemFont, sans-serif; font-size: 16px; letter-spacing: 0.14px; text-align: justify;\">Việc xác định “đất vườn ao có phải là đất nông nghiệp hay không” có ý nghĩa quan trọng trong việc áp dụng các quy định của pháp luật về đất đai, chẳng hạn như quy định về quyền sử dụng đất, quy định về chuyển mục đích sử dụng đất, quy định về bồi thường, hỗ trợ khi Nhà nước thu hồi đất.</p><h2 dir=\"ltr\" id=\"ky-hieu-cac-loai-dat-nong-nghiep\" style=\"margin-right: 0px; margin-bottom: 0px; margin-left: 0px; padding: 10px 0px; box-sizing: inherit; font-size: 22px; font-weight: normal; color: rgb(74, 74, 74); font-family: Roboto, \"Noto Sans\", -apple-system, BlinkMacSystemFont, sans-serif; letter-spacing: 0.14px; text-align: justify;\"><strong style=\"margin: 0px; padding: 0px; box-sizing: inherit;\">Ký hiệu các loại đất nông nghiệp</strong></h2><div style=\"margin: 0px; padding: 0px; box-sizing: inherit; color: rgb(74, 74, 74); font-family: Roboto, \"Noto Sans\", -apple-system, BlinkMacSystemFont, sans-serif; font-size: 16px; letter-spacing: 0.14px; text-align: center;\"><figure class=\"image\" style=\"padding: 0px; box-sizing: inherit; display: inline-block;\"><img alt=\"\" height=\"434\" src=\"https://img.homedy.com/store/images/2023/11/14/dat-nong-nghiep-gom-nhung-loai-nao-2-638355728070510785.jpg\" width=\"640\" style=\"margin: 0px; padding: 0px; box-sizing: inherit; max-width: 100%; height: auto; font-style: italic; border-radius: 5px;\"><figcaption style=\"margin: 0px; padding: 0px; box-sizing: inherit;\"><em style=\"margin: 0px; padding: 0px; box-sizing: inherit;\">Ký hiệu các loại đất nông nghiệp</em></figcaption></figure></div><p dir=\"ltr\" style=\"margin-right: 0px; margin-bottom: 10px; margin-left: 0px; padding: 0px; box-sizing: inherit; white-space-collapse: preserve; overflow-wrap: break-word; color: rgb(74, 74, 74); font-family: Roboto, \"Noto Sans\", -apple-system, BlinkMacSystemFont, sans-serif; font-size: 16px; letter-spacing: 0.14px; text-align: justify;\"><strong style=\"margin: 0px; padding: 0px; box-sizing: inherit;\"><a href=\"https://homedy.com/news/dat-nong-nghiep-la-gi-phi-chuyen-doi-dat-nong-nghiep-sang-dat-tho-cu-ne4567\" style=\"margin: 0px; padding: 0px; box-sizing: inherit; text-decoration: none; color: rgb(0, 152, 218); overflow-wrap: break-word; transition: color 0.3s cubic-bezier(0.25, 0.8, 0.25, 1) 0s, background-color, opacity;\">Đất nông nghiệp</a></strong> là đất được sử dụng cho các mục đích sản xuất nông nghiệp, bao gồm đất trồng cây, đất lâm nghiệp, đất nuôi trồng thủy sản và đất làm muối. Đất nông nghiệp được phân thành các loại đất khác nhau theo tính chất, đặc điểm và mục đích sử dụng của đất. </p><p dir=\"ltr\" style=\"margin-right: 0px; margin-bottom: 10px; margin-left: 0px; padding: 0px; box-sizing: inherit; white-space-collapse: preserve; overflow-wrap: break-word; color: rgb(74, 74, 74); font-family: Roboto, \"Noto Sans\", -apple-system, BlinkMacSystemFont, sans-serif; font-size: 16px; letter-spacing: 0.14px; text-align: justify;\">Mỗi loại đất được thể hiện bằng một ký hiệu chữ trên bản đồ địa chính, theo quy định của Luật đất đai năm 2013 và Thông tư 25/2014/TT-BTNMT. Dưới đây là bảng ký hiệu các loại đất nông nghiệp hiện nay:</p><table align=\"center\" border=\"1\" cellpadding=\"1\" cellspacing=\"1\" style=\"margin: 0px auto; padding: 0px; box-sizing: inherit; word-break: break-word; color: rgb(74, 74, 74); font-family: Roboto, \"Noto Sans\", -apple-system, BlinkMacSystemFont, sans-serif; font-size: 16px; letter-spacing: 0.14px; width: 500px;\"><tbody style=\"margin: 0px; padding: 0px; box-sizing: inherit;\"><tr style=\"margin: 0px; padding: 0px; box-sizing: inherit;\"><td style=\"margin: 0px; padding: 10px; box-sizing: inherit; text-align: center;\"><strong style=\"margin: 0px; padding: 0px; box-sizing: inherit;\">Ký hiệu</strong></td><td style=\"margin: 0px; padding: 10px; box-sizing: inherit; text-align: center;\"><strong style=\"margin: 0px; padding: 0px; box-sizing: inherit;\">Loại đất</strong></td><td style=\"margin: 0px; padding: 10px; box-sizing: inherit; text-align: center;\"><strong style=\"margin: 0px; padding: 0px; box-sizing: inherit;\">Mô tả</strong></td></tr><tr style=\"margin: 0px; padding: 0px; box-sizing: inherit;\"><td style=\"margin: 0px; padding: 10px; box-sizing: inherit; text-align: justify;\">LUC</td><td style=\"margin: 0px; padding: 10px; box-sizing: inherit; text-align: justify;\">Đất chuyên trồng lúa nước</td><td style=\"margin: 0px; padding: 10px; box-sizing: inherit; text-align: justify;\">Đất được sử dụng để trồng lúa nước liên tục từ 2 vụ trở lên mỗi năm</td></tr><tr style=\"margin: 0px; padding: 0px; box-sizing: inherit;\"><td style=\"margin: 0px; padding: 10px; box-sizing: inherit; text-align: justify;\">LUK</td><td style=\"margin: 0px; padding: 10px; box-sizing: inherit; text-align: justify;\">Đất trồng lúa nước còn lại</td><td style=\"margin: 0px; padding: 10px; box-sizing: inherit; text-align: justify;\">Đất được sử dụng để trồng lúa nước nhưng không đạt tiêu chuẩn của đất chuyên trồng lúa nước</td></tr><tr style=\"margin: 0px; padding: 0px; box-sizing: inherit;\"><td style=\"margin: 0px; padding: 10px; box-sizing: inherit; text-align: justify;\">LUN</td><td style=\"margin: 0px; padding: 10px; box-sizing: inherit; text-align: justify;\">Đất trồng lúa nương</td><td style=\"margin: 0px; padding: 10px; box-sizing: inherit; text-align: justify;\">Đất được sử dụng để trồng lúa nương, thường ở vùng đồi núi</td></tr><tr style=\"margin: 0px; padding: 0px; box-sizing: inherit;\"><td style=\"margin: 0px; padding: 10px; box-sizing: inherit; text-align: justify;\">BHK</td><td style=\"margin: 0px; padding: 10px; box-sizing: inherit; text-align: justify;\">Đất bằng trồng cây hàng năm khác</td><td style=\"margin: 0px; padding: 10px; box-sizing: inherit; text-align: justify;\">Đất được sử dụng để trồng các loại cây hàng năm khác như ngô, khoai, sắn, rau màu… ở vùng bằng phẳng</td></tr><tr style=\"margin: 0px; padding: 0px; box-sizing: inherit;\"><td style=\"margin: 0px; padding: 10px; box-sizing: inherit; text-align: justify;\">NHK</td><td style=\"margin: 0px; padding: 10px; box-sizing: inherit; text-align: justify;\">Đất nương rẫy trồng cây hàng năm khác</td><td style=\"margin: 0px; padding: 10px; box-sizing: inherit; text-align: justify;\">Đất được sử dụng để trồng các loại cây hàng năm khác như ngô, khoai, sắn, rau màu… ở vùng đồi núi</td></tr><tr style=\"margin: 0px; padding: 0px; box-sizing: inherit;\"><td style=\"margin: 0px; padding: 10px; box-sizing: inherit; text-align: justify;\">CLN</td><td style=\"margin: 0px; padding: 10px; box-sizing: inherit; text-align: justify;\">Đất trồng cây lâu năm</td><td style=\"margin: 0px; padding: 10px; box-sizing: inherit; text-align: justify;\">Đất được sử dụng để trồng các loại cây lâu năm như cà phê, cao su, tiêu, điều, trà, cây ăn quả…</td></tr><tr style=\"margin: 0px; padding: 0px; box-sizing: inherit;\"><td style=\"margin: 0px; padding: 10px; box-sizing: inherit; text-align: justify;\">RSX</td><td style=\"margin: 0px; padding: 10px; box-sizing: inherit; text-align: justify;\">Đất rừng sản xuất</td><td style=\"margin: 0px; padding: 10px; box-sizing: inherit; text-align: justify;\">Đất được sử dụng để trồng rừng sản xuất gỗ, nông lâm sản, cây thuốc…</td></tr><tr style=\"margin: 0px; padding: 0px; box-sizing: inherit;\"><td style=\"margin: 0px; padding: 10px; box-sizing: inherit; text-align: justify;\">RPH</td><td style=\"margin: 0px; padding: 10px; box-sizing: inherit; text-align: justify;\">Đất rừng phòng hộ</td><td style=\"margin: 0px; padding: 10px; box-sizing: inherit; text-align: justify;\">Đất được sử dụng để trồng rừng phòng hộ bảo vệ đất, nước, môi trường, khí hậu…</td></tr><tr style=\"margin: 0px; padding: 0px; box-sizing: inherit;\"><td style=\"margin: 0px; padding: 10px; box-sizing: inherit; text-align: justify;\">RDD</td><td style=\"margin: 0px; padding: 10px; box-sizing: inherit; text-align: justify;\">Đất rừng đặc dụng</td><td style=\"margin: 0px; padding: 10px; box-sizing: inherit; text-align: justify;\">Đất được sử dụng để trồng rừng đặc dụng bảo tồn đa dạng sinh học, phục vụ nghiên cứu, giáo dục, du lịch, văn hóa…</td></tr><tr style=\"margin: 0px; padding: 0px; box-sizing: inherit;\"><td style=\"margin: 0px; padding: 10px; box-sizing: inherit; text-align: justify;\">NTS</td><td style=\"margin: 0px; padding: 10px; box-sizing: inherit; text-align: justify;\">Đất làm muối</td><td style=\"margin: 0px; padding: 10px; box-sizing: inherit; text-align: justify;\">Đất được sử dụng để làm muối biển hoặc muối núi</td></tr><tr style=\"margin: 0px; padding: 0px; box-sizing: inherit;\"><td style=\"margin: 0px; padding: 10px; box-sizing: inherit; text-align: justify;\">NKH</td><td style=\"margin: 0px; padding: 10px; box-sizing: inherit; text-align: justify;\">Đất nông nghiệp khác</td><td style=\"margin: 0px; padding: 10px; box-sizing: inherit; text-align: justify;\">Đất được sử dụng cho các mục đích nông nghiệp khác như đất cỏ, đất chăn thả gia súc, đất vườn cây ăn trái…</td></tr></tbody></table><p dir=\"ltr\" style=\"margin-right: 0px; margin-bottom: 10px; margin-left: 0px; padding: 0px; box-sizing: inherit; white-space-collapse: preserve; overflow-wrap: break-word; color: rgb(74, 74, 74); font-family: Roboto, \"Noto Sans\", -apple-system, BlinkMacSystemFont, sans-serif; font-size: 16px; letter-spacing: 0.14px; text-align: justify;\">Nhóm đất nông nghiệp được xác định là một trong ba nhóm đất theo Luật Đất đai 2013. Trên bản đồ địa chính/mảnh trích đo địa chính, mỗi loại đất nông nghiệp trong nhóm này đều được biểu diễn bằng một ký hiệu đặc biệt, như chúng tôi đã chỉ ra trước đây. </p><h2 dir=\"ltr\" id=\"dieu-kien-duoc-chuyen-doi-muc-dich-su-dung-dat-nong-nghiep\" style=\"margin-right: 0px; margin-bottom: 0px; margin-left: 0px; padding: 10px 0px; box-sizing: inherit; font-size: 22px; font-weight: normal; color: rgb(74, 74, 74); font-family: Roboto, \"Noto Sans\", -apple-system, BlinkMacSystemFont, sans-serif; letter-spacing: 0.14px; text-align: justify;\"><strong style=\"margin: 0px; padding: 0px; box-sizing: inherit;\">Điều kiện được chuyển đổi mục đích sử dụng đất nông nghiệp</strong></h2><div style=\"margin: 0px; padding: 0px; box-sizing: inherit; color: rgb(74, 74, 74); font-family: Roboto, \"Noto Sans\", -apple-system, BlinkMacSystemFont, sans-serif; font-size: 16px; letter-spacing: 0.14px; text-align: center;\"><figure class=\"image\" style=\"padding: 0px; box-sizing: inherit; display: inline-block;\"><img alt=\"\" height=\"350\" src=\"https://img.homedy.com/store/images/2023/11/14/dat-nong-nghiep-gom-nhung-loai-nao-3-638355730614154146.jpg\" width=\"640\" style=\"margin: 0px; padding: 0px; box-sizing: inherit; max-width: 100%; height: auto; font-style: italic; border-radius: 5px;\"><figcaption style=\"margin: 0px; padding: 0px; box-sizing: inherit;\"><em style=\"margin: 0px; padding: 0px; box-sizing: inherit;\">Điều kiện được chuyển đổi mục đích sử dụng đất nông nghiệp</em></figcaption></figure></div><p dir=\"ltr\" style=\"margin-right: 0px; margin-bottom: 10px; margin-left: 0px; padding: 0px; box-sizing: inherit; white-space-collapse: preserve; overflow-wrap: break-word; color: rgb(74, 74, 74); font-family: Roboto, \"Noto Sans\", -apple-system, BlinkMacSystemFont, sans-serif; font-size: 16px; letter-spacing: 0.14px; text-align: justify;\">Các yêu cầu để chuyển đổi mục đích sử dụng từ đất nông nghiệp sang đất phi nông nghiệp cho hộ gia đình và cá nhân phải tuân theo các quy định của pháp luật về đất đai, từ việc đảm bảo các điều kiện cho phép chuyển đổi mục đích đến thực hiện các thủ tục, trình tự chuyển đổi và nộp thuế, phí,…</p><p dir=\"ltr\" style=\"margin-right: 0px; margin-bottom: 10px; margin-left: 0px; padding: 0px; box-sizing: inherit; white-space-collapse: preserve; overflow-wrap: break-word; color: rgb(74, 74, 74); font-family: Roboto, \"Noto Sans\", -apple-system, BlinkMacSystemFont, sans-serif; font-size: 16px; letter-spacing: 0.14px; text-align: justify;\">Hiện tại, Luật Đất đai 2013 và các văn bản hướng dẫn thi hành không chỉ định rõ loại đất nông nghiệp nào không được phép chuyển đổi mục đích sử dụng. Thay vào đó, luật này quy định các điều kiện để đất nông nghiệp có thể chuyển đổi mục đích sử dụng.</p><p dir=\"ltr\" style=\"margin-right: 0px; margin-bottom: 10px; margin-left: 0px; padding: 0px; box-sizing: inherit; white-space-collapse: preserve; overflow-wrap: break-word; color: rgb(74, 74, 74); font-family: Roboto, \"Noto Sans\", -apple-system, BlinkMacSystemFont, sans-serif; font-size: 16px; letter-spacing: 0.14px; text-align: justify;\">Theo Điều 52, Điều 57, Điều 59 của Luật Đất đai 2013, các điều kiện để đất nông nghiệp có thể chuyển đổi mục đích sử dụng thành đất thổ cư bao gồm:</p><ol style=\"margin-right: 0px; margin-bottom: 0px; margin-left: 0px; padding: 0px 0px 0px 40px; box-sizing: inherit; color: rgb(74, 74, 74); font-family: Roboto, \"Noto Sans\", -apple-system, BlinkMacSystemFont, sans-serif; font-size: 16px; letter-spacing: 0.14px;\"><li dir=\"ltr\" style=\"margin: 0px; padding: 0px; box-sizing: inherit;\"><p dir=\"ltr\" style=\"margin-right: 0px; margin-bottom: 10px; margin-left: 0px; padding: 0px; box-sizing: inherit; white-space-collapse: preserve; overflow-wrap: break-word; text-align: justify;\">Điều kiện 1: Yêu cầu<strong style=\"margin: 0px; padding: 0px; box-sizing: inherit;\"> <a href=\"https://homedy.com/news/chuyen-doi-muc-dich-su-dung-dat-va-nhung-quy-dinh-can-biet-ne6071\" style=\"margin: 0px; padding: 0px; box-sizing: inherit; text-decoration: none; color: rgb(0, 152, 218); overflow-wrap: break-word; transition: color 0.3s cubic-bezier(0.25, 0.8, 0.25, 1) 0s, background-color, opacity;\">chuyển đổi mục đích sử dụng đất</a> </strong>(bao gồm diện tích muốn chuyển đổi và vị trí của thửa đất) phải phù hợp với kế hoạch sử dụng đất hàng năm của cấp huyện đã được cấp có thẩm quyền phê duyệt.</p></li><li dir=\"ltr\" style=\"margin: 0px; padding: 0px; box-sizing: inherit;\"><p dir=\"ltr\" style=\"margin-right: 0px; margin-bottom: 10px; margin-left: 0px; padding: 0px; box-sizing: inherit; white-space-collapse: preserve; overflow-wrap: break-word; text-align: justify;\">Điều kiện 2: Cần có hồ sơ hợp lệ xin chuyển đổi mục đích sử dụng đất theo quy định tại Thông tư 30/2014/TT-BTNMT. Hồ sơ bao gồm:<strong style=\"margin: 0px; padding: 0px; box-sizing: inherit;\"> <a href=\"https://homedy.com/news/don-xin-chuyen-muc-dich-su-dung-dat-chuan-ne5146\" style=\"margin: 0px; padding: 0px; box-sizing: inherit; text-decoration: none; color: rgb(0, 152, 218); overflow-wrap: break-word; transition: color 0.3s cubic-bezier(0.25, 0.8, 0.25, 1) 0s, background-color, opacity;\">Đơn xin chuyển đổi mục đích sử dụng đất</a> </strong>(mẫu 01 ban hành tại Thông tư 30/2014/TT-BTNMT) và Giấy chứng nhận đã cấp cho thửa đất của bạn.</p></li><li dir=\"ltr\" style=\"margin: 0px; padding: 0px; box-sizing: inherit;\"><p dir=\"ltr\" style=\"margin-right: 0px; margin-bottom: 10px; margin-left: 0px; padding: 0px; box-sizing: inherit; white-space-collapse: preserve; overflow-wrap: break-word; text-align: justify;\">Điều kiện 3: Yêu cầu chuyển đổi mục đích sử dụng đất phải được Ủy ban nhân dân cấp huyện nơi có đất chấp thuận. Trong trường hợp người sử dụng xin chuyển đổi mục đích từ đất nông nghiệp sang đất sử dụng cho mục đích thương mại, dịch vụ với diện tích từ 0,5 ha trở lên thì phải có văn bản chấp thuận của Ủy ban nhân dân cấp tỉnh trước khi quyết định cho phép chuyển đổi mục đích.</p></li><li dir=\"ltr\" style=\"margin: 0px; padding: 0px; box-sizing: inherit;\"><p dir=\"ltr\" style=\"margin-right: 0px; margin-bottom: 10px; margin-left: 0px; padding: 0px; box-sizing: inherit; white-space-collapse: preserve; overflow-wrap: break-word; text-align: justify;\">Điều kiện 4: Người sử dụng đất phải hoàn thành nghĩa vụ tài chính khi đề nghị chuyển đổi mục đích sử dụng đất được chấp thuận. Các nghĩa vụ tài chính có thể bao gồm: Tiền sử dụng đất khi chuyển đổi mục đích sử dụng đất,<strong style=\"margin: 0px; padding: 0px; box-sizing: inherit;\"> <a href=\"https://homedy.com/news/le-phi-truoc-ba-nha-dat-la-gi-cach-tinh-thue-truoc-ba-nha-dat-ne5971\" style=\"margin: 0px; padding: 0px; box-sizing: inherit; text-decoration: none; color: rgb(0, 152, 218); overflow-wrap: break-word; transition: color 0.3s cubic-bezier(0.25, 0.8, 0.25, 1) 0s, background-color, opacity;\">lệ phí trước bạ</a>, </strong>lệ phí thẩm định hồ sơ, lệ phí cấp Giấy chứng nhận,… </p></li></ol><p dir=\"ltr\" style=\"margin-right: 0px; margin-bottom: 10px; margin-left: 0px; padding: 0px; box-sizing: inherit; white-space-collapse: preserve; overflow-wrap: break-word; color: rgb(74, 74, 74); font-family: Roboto, \"Noto Sans\", -apple-system, BlinkMacSystemFont, sans-serif; font-size: 16px; letter-spacing: 0.14px; text-align: justify;\">Pháp luật đất đai hiện nay không quy định các loại đất nông nghiệp nào thuộc nhóm đất nông nghiệp không được phép chuyển đổi mục đích sang thổ cư (trừ một số loại đất đặc thù) mà quy định các điều kiện (ví dụ: Phù hợp với kế hoạch sử dụng đất hàng năm cấp huyện,…) để người sử dụng đất được chuyển đổi mục đích sử dụng đất từ đất nông nghiệp sang đất thổ cư (đất ở) như đã nêu trên.</p><p dir=\"ltr\" style=\"margin-right: 0px; margin-bottom: 10px; margin-left: 0px; padding: 0px; box-sizing: inherit; white-space-collapse: preserve; overflow-wrap: break-word; color: rgb(74, 74, 74); font-family: Roboto, \"Noto Sans\", -apple-system, BlinkMacSystemFont, sans-serif; font-size: 16px; letter-spacing: 0.14px; text-align: justify;\"><em style=\"margin: 0px; padding: 0px; box-sizing: inherit;\"><strong style=\"margin: 0px; padding: 0px; box-sizing: inherit;\">>>> Xem ngay: <a href=\"https://homedy.com/news/lam-so-do-het-bao-nhieu-tien-chi-phi-lam-so-do-moi-nhat-ne5830\" style=\"margin: 0px; padding: 0px; box-sizing: inherit; text-decoration: none; color: rgb(0, 152, 218); overflow-wrap: break-word; transition: color 0.3s cubic-bezier(0.25, 0.8, 0.25, 1) 0s, background-color, opacity;\">Làm sổ đỏ hết bao nhiêu tiền? Chi phí làm sổ đỏ mới nhất!</a></strong></em></p>', 2, 2, NULL, 1, '2024-04-16 00:58:37', '2024-04-26 03:13:59');
INSERT INTO `news` (`id`, `title`, `short_desc`, `images`, `date`, `description`, `user_id`, `cate_new_id`, `deleted_at`, `status`, `created_at`, `updated_at`) VALUES
(6, 'Giếng trời cuối nhà ống', 'Giếng trời cuối nhà ống - Giải pháp thiết kế thông minh cho không gian sống hiện đại', 'news/1714126278_gieng-troi-cuoi-nha-ong-1-638355490345356183.jpg', NULL, '<h2 dir=\"ltr\" id=\"gieng-troi-cuoi-nha-ong-la-nhu-the-nao\" style=\"margin-right: 0px; margin-bottom: 0px; margin-left: 0px; padding: 10px 0px; box-sizing: inherit; font-size: 22px; font-weight: normal; color: rgb(74, 74, 74); font-family: Roboto, &quot;Noto Sans&quot;, -apple-system, BlinkMacSystemFont, sans-serif; letter-spacing: 0.14px; text-align: justify;\"><strong style=\"margin: 0px; padding: 0px; box-sizing: inherit;\">Giếng trời cuối nhà ống là như thế nào?</strong></h2><div style=\"margin: 0px; padding: 0px; box-sizing: inherit; color: rgb(74, 74, 74); font-family: Roboto, &quot;Noto Sans&quot;, -apple-system, BlinkMacSystemFont, sans-serif; font-size: 16px; letter-spacing: 0.14px; text-align: center;\"><figure class=\"image\" style=\"padding: 0px; box-sizing: inherit; display: inline-block;\"><img alt=\"\" height=\"960\" src=\"https://img.homedy.com/store/images/2023/11/14/gieng-troi-cuoi-nha-ong-1-638355490345356183.jpg\" width=\"640\" style=\"margin: 0px; padding: 0px; box-sizing: inherit; max-width: 100%; height: auto; font-style: italic; border-radius: 5px;\"><figcaption style=\"margin: 0px; padding: 0px; box-sizing: inherit;\"><em style=\"margin: 0px; padding: 0px; box-sizing: inherit;\">Giếng trời cuối nhà ống là gì?</em></figcaption></figure></div><p dir=\"ltr\" style=\"margin-right: 0px; margin-bottom: 10px; margin-left: 0px; padding: 0px; box-sizing: inherit; white-space-collapse: preserve; overflow-wrap: break-word; color: rgb(74, 74, 74); font-family: Roboto, &quot;Noto Sans&quot;, -apple-system, BlinkMacSystemFont, sans-serif; font-size: 16px; letter-spacing: 0.14px; text-align: justify;\">Giếng trời là một khoảng không gian trống, thông từ tầng trệt đến mái nhà, có tác dụng lấy ánh sáng và thông gió tự nhiên cho ngôi nhà. Giếng trời thường được lắp đặt ở đầu nhà, giữa nhà hoặc cuối nhà tùy thuộc vào diện tích, hướng nhà và thiết kế kiến trúc.</p><p dir=\"ltr\" style=\"margin-right: 0px; margin-bottom: 10px; margin-left: 0px; padding: 0px; box-sizing: inherit; white-space-collapse: preserve; overflow-wrap: break-word; color: rgb(74, 74, 74); font-family: Roboto, &quot;Noto Sans&quot;, -apple-system, BlinkMacSystemFont, sans-serif; font-size: 16px; letter-spacing: 0.14px; text-align: justify;\">Giếng trời cuối nhà ống là giếng trời được đặt ở vị trí cuối nhà, thường nằm ở phía sau nhà. Giếng trời cuối nhà có tác dụng chính là lấy ánh sáng và thông gió cho các không gian phía sau nhà, đặc biệt là phòng bếp, phòng ăn và phòng ngủ.</p><p dir=\"ltr\" style=\"margin-right: 0px; margin-bottom: 10px; margin-left: 0px; padding: 0px; box-sizing: inherit; white-space-collapse: preserve; overflow-wrap: break-word; color: rgb(74, 74, 74); font-family: Roboto, &quot;Noto Sans&quot;, -apple-system, BlinkMacSystemFont, sans-serif; font-size: 16px; letter-spacing: 0.14px; text-align: justify;\">Giếng trời cuối nhà ống có thể được thiết kế theo nhiều hình dạng khác nhau, như hình chữ nhật, hình vuông, hình tròn hoặc hình elip. Kích thước giếng trời cũng có thể được thiết kế linh hoạt, tùy thuộc vào diện tích và nhu cầu của ngôi nhà.</p><h2 dir=\"ltr\" id=\"co-nen-lap-gieng-troi-cuoi-nha-ong-khong\" style=\"margin-right: 0px; margin-bottom: 0px; margin-left: 0px; padding: 10px 0px; box-sizing: inherit; font-size: 22px; font-weight: normal; color: rgb(74, 74, 74); font-family: Roboto, &quot;Noto Sans&quot;, -apple-system, BlinkMacSystemFont, sans-serif; letter-spacing: 0.14px; text-align: justify;\"><strong style=\"margin: 0px; padding: 0px; box-sizing: inherit;\">Có nên lắp giếng trời cuối nhà ống không?</strong></h2><div style=\"margin: 0px; padding: 0px; box-sizing: inherit; color: rgb(74, 74, 74); font-family: Roboto, &quot;Noto Sans&quot;, -apple-system, BlinkMacSystemFont, sans-serif; font-size: 16px; letter-spacing: 0.14px; text-align: center;\"><figure class=\"image\" style=\"padding: 0px; box-sizing: inherit; display: inline-block;\"><img alt=\"\" height=\"395\" src=\"https://img.homedy.com/store/images/2023/11/14/gieng-troi-cuoi-nha-ong-2-638355490861206380.jpg\" width=\"640\" style=\"margin: 0px; padding: 0px; box-sizing: inherit; max-width: 100%; height: auto; font-style: italic; border-radius: 5px;\"><figcaption style=\"margin: 0px; padding: 0px; box-sizing: inherit;\"><em style=\"margin: 0px; padding: 0px; box-sizing: inherit;\">Có nên lắp giếng trời cuối nhà ống không?</em></figcaption></figure></div><p dir=\"ltr\" style=\"margin-right: 0px; margin-bottom: 10px; margin-left: 0px; padding: 0px; box-sizing: inherit; white-space-collapse: preserve; overflow-wrap: break-word; color: rgb(74, 74, 74); font-family: Roboto, &quot;Noto Sans&quot;, -apple-system, BlinkMacSystemFont, sans-serif; font-size: 16px; letter-spacing: 0.14px; text-align: justify;\">Lắp giếng trời phía sau nhà ống là một giải pháp thiết kế thông minh, tiết kiệm và hiệu quả để tận dụng ánh sáng tự nhiên, tạo không gian thoáng đãng và tăng cường sức khỏe cho người ở. Tuy nhiên, việc lắp giếng trời cũng có những ưu và nhược điểm cần cân nhắc kỹ trước khi quyết định. Sau đây là một số ý kiến về việc có nên lắp giếng trời cuối nhà ống hay không:</p><h3 dir=\"ltr\" id=\"loi-ich-khi-bo-tri-gieng-troi-cuoi-nha-ong\" style=\"margin-right: 0px; margin-bottom: 0px; margin-left: 0px; padding: 0px; box-sizing: inherit; font-size: 18px; color: rgb(76, 182, 228); font-family: Roboto, &quot;Noto Sans&quot;, -apple-system, BlinkMacSystemFont, sans-serif; letter-spacing: 0.14px; text-align: justify;\"><strong style=\"margin: 0px; padding: 0px; box-sizing: inherit;\">Lợi ích khi bố trí giếng trời cuối nhà ống</strong></h3><ul style=\"margin-right: 0px; margin-bottom: 0px; margin-left: 0px; padding: 0px 0px 0px 40px; box-sizing: inherit; list-style-position: initial; list-style-image: initial; appearance: unset; color: rgb(74, 74, 74); font-family: Roboto, &quot;Noto Sans&quot;, -apple-system, BlinkMacSystemFont, sans-serif; font-size: 16px; letter-spacing: 0.14px;\"><li dir=\"ltr\" style=\"margin: 0px; padding: 0px; box-sizing: inherit;\"><p dir=\"ltr\" style=\"margin-right: 0px; margin-bottom: 10px; margin-left: 0px; padding: 0px; box-sizing: inherit; white-space-collapse: preserve; overflow-wrap: break-word; text-align: justify;\"><em style=\"margin: 0px; padding: 0px; box-sizing: inherit;\"><strong style=\"margin: 0px; padding: 0px; box-sizing: inherit;\">Lấy nắng, lấy ánh sáng và lưu thông không khí</strong></em></p></li></ul><p dir=\"ltr\" style=\"margin-right: 0px; margin-bottom: 10px; margin-left: 0px; padding: 0px; box-sizing: inherit; white-space-collapse: preserve; overflow-wrap: break-word; color: rgb(74, 74, 74); font-family: Roboto, &quot;Noto Sans&quot;, -apple-system, BlinkMacSystemFont, sans-serif; font-size: 16px; letter-spacing: 0.14px; text-align: justify;\">Giếng trời giúp đưa ánh sáng tự nhiên vào nhà, giúp không gian bên trong nhà trở nên sáng sủa, thoáng mát, hạn chế sử dụng điện năng cho chiếu sáng. Đồng thời giúp đối lưu không khí trong nhà, mang lại bầu không khí trong lành, dễ chịu.</p><ul style=\"margin-right: 0px; margin-bottom: 0px; margin-left: 0px; padding: 0px 0px 0px 40px; box-sizing: inherit; list-style-position: initial; list-style-image: initial; appearance: unset; color: rgb(74, 74, 74); font-family: Roboto, &quot;Noto Sans&quot;, -apple-system, BlinkMacSystemFont, sans-serif; font-size: 16px; letter-spacing: 0.14px;\"><li dir=\"ltr\" style=\"margin: 0px; padding: 0px; box-sizing: inherit;\"><p dir=\"ltr\" style=\"margin-right: 0px; margin-bottom: 10px; margin-left: 0px; padding: 0px; box-sizing: inherit; white-space-collapse: preserve; overflow-wrap: break-word; text-align: justify;\"><em style=\"margin: 0px; padding: 0px; box-sizing: inherit;\"><strong style=\"margin: 0px; padding: 0px; box-sizing: inherit;\">Tạo điểm nhấn thẩm mỹ cho ngôi nhà</strong></em></p></li></ul><p dir=\"ltr\" style=\"margin-right: 0px; margin-bottom: 10px; margin-left: 0px; padding: 0px; box-sizing: inherit; white-space-collapse: preserve; overflow-wrap: break-word; color: rgb(74, 74, 74); font-family: Roboto, &quot;Noto Sans&quot;, -apple-system, BlinkMacSystemFont, sans-serif; font-size: 16px; letter-spacing: 0.14px; text-align: justify;\">Giếng trời cuối nhà ống có thể được thiết kế với nhiều kiểu dáng, kích thước và vật liệu khác nhau, phù hợp với phong cách kiến trúc của ngôi nhà. Ngoài chức năng lấy sáng và thông gió, giếng trời còn có thể được tận dụng để trồng cây xanh, tạo cảnh quan sinh động cho ngôi nhà.</p><ul style=\"margin-right: 0px; margin-bottom: 0px; margin-left: 0px; padding: 0px 0px 0px 40px; box-sizing: inherit; list-style-position: initial; list-style-image: initial; appearance: unset; color: rgb(74, 74, 74); font-family: Roboto, &quot;Noto Sans&quot;, -apple-system, BlinkMacSystemFont, sans-serif; font-size: 16px; letter-spacing: 0.14px;\"><li dir=\"ltr\" style=\"margin: 0px; padding: 0px; box-sizing: inherit;\"><p dir=\"ltr\" style=\"margin-right: 0px; margin-bottom: 10px; margin-left: 0px; padding: 0px; box-sizing: inherit; white-space-collapse: preserve; overflow-wrap: break-word; text-align: justify;\"><em style=\"margin: 0px; padding: 0px; box-sizing: inherit;\"><strong style=\"margin: 0px; padding: 0px; box-sizing: inherit;\">Ý nghĩa về phong thủy</strong></em></p></li></ul><p dir=\"ltr\" style=\"margin-right: 0px; margin-bottom: 10px; margin-left: 0px; padding: 0px; box-sizing: inherit; white-space-collapse: preserve; overflow-wrap: break-word; color: rgb(74, 74, 74); font-family: Roboto, &quot;Noto Sans&quot;, -apple-system, BlinkMacSystemFont, sans-serif; font-size: 16px; letter-spacing: 0.14px; text-align: justify;\">Theo quan niệm phong thủy, giếng trời được coi là nơi tích tụ vượng khí, giúp mang lại may mắn và tài lộc cho gia chủ. Giếng trời nên được đặt ở vị trí hợp lý, phù hợp với mệnh của gia chủ để phát huy tối đa tác dụng phong thủy.</p><h3 dir=\"ltr\" id=\"han-che-khi-thiet-ke-gieng-troi\" style=\"margin-right: 0px; margin-bottom: 0px; margin-left: 0px; padding: 0px; box-sizing: inherit; font-size: 18px; color: rgb(76, 182, 228); font-family: Roboto, &quot;Noto Sans&quot;, -apple-system, BlinkMacSystemFont, sans-serif; letter-spacing: 0.14px; text-align: justify;\"><strong style=\"margin: 0px; padding: 0px; box-sizing: inherit;\">Hạn chế khi thiết kế giếng trời</strong></h3><p dir=\"ltr\" style=\"margin-right: 0px; margin-bottom: 10px; margin-left: 0px; padding: 0px; box-sizing: inherit; white-space-collapse: preserve; overflow-wrap: break-word; color: rgb(74, 74, 74); font-family: Roboto, &quot;Noto Sans&quot;, -apple-system, BlinkMacSystemFont, sans-serif; font-size: 16px; letter-spacing: 0.14px; text-align: justify;\">Giếng trời là một thiết kế kiến trúc thông minh, giúp lấy ánh sáng và gió tự nhiên vào nhà, tạo không gian thông thoáng, mát mẻ. Tuy nhiên, giếng trời cũng có một số hạn chế cần lưu ý khi thiết kế, bao gồm:</p><ul style=\"margin-right: 0px; margin-bottom: 0px; margin-left: 0px; padding: 0px 0px 0px 40px; box-sizing: inherit; list-style-position: initial; list-style-image: initial; appearance: unset; color: rgb(74, 74, 74); font-family: Roboto, &quot;Noto Sans&quot;, -apple-system, BlinkMacSystemFont, sans-serif; font-size: 16px; letter-spacing: 0.14px;\"><li dir=\"ltr\" style=\"margin: 0px; padding: 0px; box-sizing: inherit;\"><p dir=\"ltr\" style=\"margin-right: 0px; margin-bottom: 10px; margin-left: 0px; padding: 0px; box-sizing: inherit; white-space-collapse: preserve; overflow-wrap: break-word; text-align: justify;\"><em style=\"margin: 0px; padding: 0px; box-sizing: inherit;\"><strong style=\"margin: 0px; padding: 0px; box-sizing: inherit;\">Khó cách âm</strong></em></p></li></ul><p dir=\"ltr\" style=\"margin-right: 0px; margin-bottom: 10px; margin-left: 0px; padding: 0px; box-sizing: inherit; white-space-collapse: preserve; overflow-wrap: break-word; color: rgb(74, 74, 74); font-family: Roboto, &quot;Noto Sans&quot;, -apple-system, BlinkMacSystemFont, sans-serif; font-size: 16px; letter-spacing: 0.14px; text-align: justify;\">Giếng trời là một không gian mở, nên sẽ dễ bị ảnh hưởng bởi tiếng ồn từ bên ngoài, như tiếng xe cộ, tiếng động vật, hoặc tiếng hàng xóm. Điều này có thể gây phiền nhiễu và mất tập trung cho người ở, đặc biệt là khi cần yên tĩnh để làm việc hoặc nghỉ ngơi. Để giải quyết vấn đề này, có thể sử dụng các vật liệu cách âm, như kính chống ồn, rèm cửa, hoặc thảm sàn.</p><ul style=\"margin-right: 0px; margin-bottom: 0px; margin-left: 0px; padding: 0px 0px 0px 40px; box-sizing: inherit; list-style-position: initial; list-style-image: initial; appearance: unset; color: rgb(74, 74, 74); font-family: Roboto, &quot;Noto Sans&quot;, -apple-system, BlinkMacSystemFont, sans-serif; font-size: 16px; letter-spacing: 0.14px;\"><li dir=\"ltr\" style=\"margin: 0px; padding: 0px; box-sizing: inherit;\"><p dir=\"ltr\" style=\"margin-right: 0px; margin-bottom: 10px; margin-left: 0px; padding: 0px; box-sizing: inherit; white-space-collapse: preserve; overflow-wrap: break-word; text-align: justify;\"><em style=\"margin: 0px; padding: 0px; box-sizing: inherit;\"><strong style=\"margin: 0px; padding: 0px; box-sizing: inherit;\">\"Thừa\" ánh sáng vào mùa hè</strong></em></p></li></ul><p dir=\"ltr\" style=\"margin-right: 0px; margin-bottom: 10px; margin-left: 0px; padding: 0px; box-sizing: inherit; white-space-collapse: preserve; overflow-wrap: break-word; color: rgb(74, 74, 74); font-family: Roboto, &quot;Noto Sans&quot;, -apple-system, BlinkMacSystemFont, sans-serif; font-size: 16px; letter-spacing: 0.14px; text-align: justify;\">Mùa hè ở Việt Nam thường có nắng gay gắt, đặc biệt là vào buổi trưa. Nếu giếng trời thiết kế không hợp lý, ánh sáng chiếu trực tiếp vào các phòng sẽ gây chói lóa, khó chịu, đồng thời khiến đồ nội thất bị phai màu, hư hỏng.</p><ul style=\"margin-right: 0px; margin-bottom: 0px; margin-left: 0px; padding: 0px 0px 0px 40px; box-sizing: inherit; list-style-position: initial; list-style-image: initial; appearance: unset; color: rgb(74, 74, 74); font-family: Roboto, &quot;Noto Sans&quot;, -apple-system, BlinkMacSystemFont, sans-serif; font-size: 16px; letter-spacing: 0.14px;\"><li dir=\"ltr\" style=\"margin: 0px; padding: 0px; box-sizing: inherit;\"><p dir=\"ltr\" style=\"margin-right: 0px; margin-bottom: 10px; margin-left: 0px; padding: 0px; box-sizing: inherit; white-space-collapse: preserve; overflow-wrap: break-word; text-align: justify;\"><em style=\"margin: 0px; padding: 0px; box-sizing: inherit;\"><strong style=\"margin: 0px; padding: 0px; box-sizing: inherit;\">Có thể bị văng nước vào nhà</strong></em></p></li></ul><p dir=\"ltr\" style=\"margin-right: 0px; margin-bottom: 10px; margin-left: 0px; padding: 0px; box-sizing: inherit; white-space-collapse: preserve; overflow-wrap: break-word; color: rgb(74, 74, 74); font-family: Roboto, &quot;Noto Sans&quot;, -apple-system, BlinkMacSystemFont, sans-serif; font-size: 16px; letter-spacing: 0.14px; text-align: justify;\">Giếng trời thường được thiết kế ở vị trí cao, nên khi trời mưa, nước có thể văng vào nhà, gây ẩm ướt, khó chịu. Để giải quyết vấn đề này, có thể sử dụng các thiết bị chống thấm, như mái vòm, cửa sổ, hoặc ống thoát nước.</p><p dir=\"ltr\" style=\"margin-right: 0px; margin-bottom: 10px; margin-left: 0px; padding: 0px; box-sizing: inherit; white-space-collapse: preserve; overflow-wrap: break-word; color: rgb(74, 74, 74); font-family: Roboto, &quot;Noto Sans&quot;, -apple-system, BlinkMacSystemFont, sans-serif; font-size: 16px; letter-spacing: 0.14px; text-align: justify;\">Vậy, có nên lắp giếng trời cuối nhà ống không? Câu trả lời phụ thuộc vào nhiều yếu tố, bao gồm:</p><ul style=\"margin-right: 0px; margin-bottom: 0px; margin-left: 0px; padding: 0px 0px 0px 40px; box-sizing: inherit; list-style-position: initial; list-style-image: initial; appearance: unset; color: rgb(74, 74, 74); font-family: Roboto, &quot;Noto Sans&quot;, -apple-system, BlinkMacSystemFont, sans-serif; font-size: 16px; letter-spacing: 0.14px;\"><li dir=\"ltr\" style=\"margin: 0px; padding: 0px; box-sizing: inherit;\"><p dir=\"ltr\" style=\"margin-right: 0px; margin-bottom: 10px; margin-left: 0px; padding: 0px; box-sizing: inherit; white-space-collapse: preserve; overflow-wrap: break-word; text-align: justify;\">Kích thước của ngôi nhà: Nếu ngôi nhà có diện tích nhỏ, giếng trời sẽ giúp lấy sáng và thông thoáng cho toàn bộ không gian sống.</p></li><li dir=\"ltr\" style=\"margin: 0px; padding: 0px; box-sizing: inherit;\"><p dir=\"ltr\" style=\"margin-right: 0px; margin-bottom: 10px; margin-left: 0px; padding: 0px; box-sizing: inherit; white-space-collapse: preserve; overflow-wrap: break-word; text-align: justify;\">Vị trí của ngôi nhà: Nếu ngôi nhà nằm ở khu vực có nhiều nắng, giếng trời sẽ giúp giảm nhiệt độ cho ngôi nhà.</p></li><li dir=\"ltr\" style=\"margin: 0px; padding: 0px; box-sizing: inherit;\"><p dir=\"ltr\" style=\"margin-right: 0px; margin-bottom: 10px; margin-left: 0px; padding: 0px; box-sizing: inherit; white-space-collapse: preserve; overflow-wrap: break-word; text-align: justify;\">Cách thiết kế giếng trời: Nếu giếng trời được thiết kế hợp lý, sẽ hạn chế được những hạn chế như thừa sáng, khó cách âm,...</p></li></ul><p dir=\"ltr\" style=\"margin-right: 0px; margin-bottom: 10px; margin-left: 0px; padding: 0px; box-sizing: inherit; white-space-collapse: preserve; overflow-wrap: break-word; color: rgb(74, 74, 74); font-family: Roboto, &quot;Noto Sans&quot;, -apple-system, BlinkMacSystemFont, sans-serif; font-size: 16px; letter-spacing: 0.14px; text-align: justify;\">Nhìn chung, giếng trời là một thiết kế kiến trúc thông minh, mang lại nhiều lợi ích cho ngôi nhà. Tuy nhiên, gia chủ cần lưu ý những hạn chế của giếng trời để có được thiết kế phù hợp và hiệu quả.</p><h2 dir=\"ltr\" id=\"cac-mau-thiet-ke-gieng-troi-cuoi-nha-ong-an-tuong\" style=\"margin-right: 0px; margin-bottom: 0px; margin-left: 0px; padding: 10px 0px; box-sizing: inherit; font-size: 22px; font-weight: normal; color: rgb(74, 74, 74); font-family: Roboto, &quot;Noto Sans&quot;, -apple-system, BlinkMacSystemFont, sans-serif; letter-spacing: 0.14px; text-align: justify;\"><strong style=\"margin: 0px; padding: 0px; box-sizing: inherit;\">Các mẫu thiết kế giếng trời cuối nhà ống ấn tượng</strong></h2><p dir=\"ltr\" style=\"margin-right: 0px; margin-bottom: 10px; margin-left: 0px; padding: 0px; box-sizing: inherit; white-space-collapse: preserve; overflow-wrap: break-word; color: rgb(74, 74, 74); font-family: Roboto, &quot;Noto Sans&quot;, -apple-system, BlinkMacSystemFont, sans-serif; font-size: 16px; letter-spacing: 0.14px; text-align: justify;\">Giếng trời sau nhà ống là một thiết kế kiến trúc thông minh, giúp lấy ánh sáng và gió tự nhiên vào nhà, tạo không gian thông thoáng, mát mẻ. Ngoài ra, giếng trời còn có thể giúp tăng tính thẩm mỹ cho ngôi nhà.</p><p dir=\"ltr\" style=\"margin-right: 0px; margin-bottom: 10px; margin-left: 0px; padding: 0px; box-sizing: inherit; white-space-collapse: preserve; overflow-wrap: break-word; color: rgb(74, 74, 74); font-family: Roboto, &quot;Noto Sans&quot;, -apple-system, BlinkMacSystemFont, sans-serif; font-size: 16px; letter-spacing: 0.14px; text-align: justify;\">Dưới đây là một số mẫu giếng trời cuối nhà ống ấn tượng để bạn tham khảo:</p><p dir=\"ltr\" style=\"margin-right: 0px; margin-bottom: 10px; margin-left: 0px; padding: 0px; box-sizing: inherit; white-space-collapse: preserve; overflow-wrap: break-word; color: rgb(74, 74, 74); font-family: Roboto, &quot;Noto Sans&quot;, -apple-system, BlinkMacSystemFont, sans-serif; font-size: 16px; letter-spacing: 0.14px; text-align: justify;\"><strong style=\"margin: 0px; padding: 0px; box-sizing: inherit;\">Giếng trời kết hợp tiểu cảnh</strong></p><p dir=\"ltr\" style=\"margin-right: 0px; margin-bottom: 10px; margin-left: 0px; padding: 0px; box-sizing: inherit; white-space-collapse: preserve; overflow-wrap: break-word; color: rgb(74, 74, 74); font-family: Roboto, &quot;Noto Sans&quot;, -apple-system, BlinkMacSystemFont, sans-serif; font-size: 16px; letter-spacing: 0.14px; text-align: justify;\">Đây là mẫu thiết kế giếng trời phổ biến nhất, được nhiều gia đình lựa chọn. Tiểu cảnh có thể là cây xanh, hoa, thác nước, hòn non bộ,... giúp tạo không gian xanh mát, sinh động cho ngôi nhà.</p><div style=\"margin: 0px; padding: 0px; box-sizing: inherit; color: rgb(74, 74, 74); font-family: Roboto, &quot;Noto Sans&quot;, -apple-system, BlinkMacSystemFont, sans-serif; font-size: 16px; letter-spacing: 0.14px; text-align: center;\"><figure class=\"image\" style=\"padding: 0px; box-sizing: inherit; display: inline-block;\"><img alt=\"\" height=\"450\" src=\"https://img.homedy.com/store/images/2023/11/14/gieng-troi-cuoi-nha-ong-3-638355491955285881.jpg\" width=\"640\" style=\"margin: 0px; padding: 0px; box-sizing: inherit; max-width: 100%; height: auto; font-style: italic; border-radius: 5px;\"><figcaption style=\"margin: 0px; padding: 0px; box-sizing: inherit;\"><em style=\"margin: 0px; padding: 0px; box-sizing: inherit;\">Giếng trời kết hợp tiểu cảnh - Mẫu 1</em></figcaption></figure></div><div style=\"margin: 0px; padding: 0px; box-sizing: inherit; color: rgb(74, 74, 74); font-family: Roboto, &quot;Noto Sans&quot;, -apple-system, BlinkMacSystemFont, sans-serif; font-size: 16px; letter-spacing: 0.14px; text-align: center;\"><figure class=\"image\" style=\"padding: 0px; box-sizing: inherit; display: inline-block;\"><img alt=\"\" height=\"625\" src=\"https://img.homedy.com/store/images/2023/11/14/gieng-troi-cuoi-nha-ong-4-638355492122577564.jpg\" width=\"640\" style=\"margin: 0px; padding: 0px; box-sizing: inherit; max-width: 100%; height: auto; font-style: italic; border-radius: 5px;\"><figcaption style=\"margin: 0px; padding: 0px; box-sizing: inherit;\"><em style=\"margin: 0px; padding: 0px; box-sizing: inherit;\">Giếng trời kết hợp tiểu cảnh - Mẫu 2</em></figcaption></figure></div><div style=\"margin: 0px; padding: 0px; box-sizing: inherit; color: rgb(74, 74, 74); font-family: Roboto, &quot;Noto Sans&quot;, -apple-system, BlinkMacSystemFont, sans-serif; font-size: 16px; letter-spacing: 0.14px; text-align: center;\"><figure class=\"image\" style=\"padding: 0px; box-sizing: inherit; display: inline-block;\"><img alt=\"\" height=\"427\" src=\"https://img.homedy.com/store/images/2023/11/14/gieng-troi-cuoi-nha-ong-5-638355492301626085.jpg\" width=\"640\" style=\"margin: 0px; padding: 0px; box-sizing: inherit; max-width: 100%; height: auto; font-style: italic; border-radius: 5px;\"><figcaption style=\"margin: 0px; padding: 0px; box-sizing: inherit;\"><em style=\"margin: 0px; padding: 0px; box-sizing: inherit;\">Giếng trời kết hợp tiểu cảnh - Mẫu 3</em></figcaption></figure></div><p dir=\"ltr\" style=\"margin-right: 0px; margin-bottom: 10px; margin-left: 0px; padding: 0px; box-sizing: inherit; white-space-collapse: preserve; overflow-wrap: break-word; color: rgb(74, 74, 74); font-family: Roboto, &quot;Noto Sans&quot;, -apple-system, BlinkMacSystemFont, sans-serif; font-size: 16px; letter-spacing: 0.14px; text-align: justify;\"><strong style=\"margin: 0px; padding: 0px; box-sizing: inherit;\">Giếng trời kết hợp với lan can kính</strong></p><p dir=\"ltr\" style=\"margin-right: 0px; margin-bottom: 10px; margin-left: 0px; padding: 0px; box-sizing: inherit; white-space-collapse: preserve; overflow-wrap: break-word; color: rgb(74, 74, 74); font-family: Roboto, &quot;Noto Sans&quot;, -apple-system, BlinkMacSystemFont, sans-serif; font-size: 16px; letter-spacing: 0.14px; text-align: justify;\">Mẫu thiết kế này mang lại vẻ đẹp hiện đại, tinh tế cho ngôi nhà. Lan can kính giúp lấy sáng tối đa cho giếng trời, đồng thời tạo tầm nhìn rộng mở cho không gian bên dưới.</p><div style=\"margin: 0px; padding: 0px; box-sizing: inherit; color: rgb(74, 74, 74); font-family: Roboto, &quot;Noto Sans&quot;, -apple-system, BlinkMacSystemFont, sans-serif; font-size: 16px; letter-spacing: 0.14px; text-align: center;\"><figure class=\"image\" style=\"padding: 0px; box-sizing: inherit; display: inline-block;\"><img alt=\"\" height=\"426\" src=\"https://img.homedy.com/store/images/2023/11/14/gieng-troi-cuoi-nha-ong-6-638355492997051438.jpg\" width=\"640\" style=\"margin: 0px; padding: 0px; box-sizing: inherit; max-width: 100%; height: auto; font-style: italic; border-radius: 5px;\"><figcaption style=\"margin: 0px; padding: 0px; box-sizing: inherit;\"><em style=\"margin: 0px; padding: 0px; box-sizing: inherit;\">Giếng trời kết hợp với lan can kính - Mẫu 1</em></figcaption></figure></div><div style=\"margin: 0px; padding: 0px; box-sizing: inherit; color: rgb(74, 74, 74); font-family: Roboto, &quot;Noto Sans&quot;, -apple-system, BlinkMacSystemFont, sans-serif; font-size: 16px; letter-spacing: 0.14px; text-align: center;\"><figure class=\"image\" style=\"padding: 0px; box-sizing: inherit; display: inline-block;\"><img alt=\"\" height=\"960\" src=\"https://img.homedy.com/store/images/2023/11/14/gieng-troi-cuoi-nha-ong-7-638355493136505979.jpg\" width=\"640\" style=\"margin: 0px; padding: 0px; box-sizing: inherit; max-width: 100%; height: auto; font-style: italic; border-radius: 5px;\"><figcaption style=\"margin: 0px; padding: 0px; box-sizing: inherit;\"><em style=\"margin: 0px; padding: 0px; box-sizing: inherit;\">Giếng trời kết hợp với lan can kính - Mẫu 2</em></figcaption></figure></div><div style=\"margin: 0px; padding: 0px; box-sizing: inherit; color: rgb(74, 74, 74); font-family: Roboto, &quot;Noto Sans&quot;, -apple-system, BlinkMacSystemFont, sans-serif; font-size: 16px; letter-spacing: 0.14px; text-align: center;\"><figure class=\"image\" style=\"padding: 0px; box-sizing: inherit; display: inline-block;\"><img alt=\"\" height=\"424\" src=\"https://img.homedy.com/store/images/2023/11/14/gieng-troi-cuoi-nha-ong-8-638355493299341602.jpg\" width=\"640\" style=\"margin: 0px; padding: 0px; box-sizing: inherit; max-width: 100%; height: auto; font-style: italic; border-radius: 5px;\"><figcaption style=\"margin: 0px; padding: 0px; box-sizing: inherit;\"><em style=\"margin: 0px; padding: 0px; box-sizing: inherit;\">Giếng trời kết hợp với lan can kính - Mẫu 3</em></figcaption></figure></div><p dir=\"ltr\" style=\"margin-right: 0px; margin-bottom: 10px; margin-left: 0px; padding: 0px; box-sizing: inherit; white-space-collapse: preserve; overflow-wrap: break-word; color: rgb(74, 74, 74); font-family: Roboto, &quot;Noto Sans&quot;, -apple-system, BlinkMacSystemFont, sans-serif; font-size: 16px; letter-spacing: 0.14px; text-align: justify;\"><strong style=\"margin: 0px; padding: 0px; box-sizing: inherit;\">Giếng trời kết hợp với cửa sổ trời</strong></p>', 2, 1, NULL, 1, '2024-04-25 11:36:00', '2024-04-26 03:10:07');

-- --------------------------------------------------------

--
-- Cấu trúc bảng cho bảng `orders`
--

CREATE TABLE `orders` (
  `id` bigint(20) UNSIGNED NOT NULL,
  `email` varchar(255) NOT NULL,
  `phone` varchar(255) NOT NULL,
  `address` varchar(255) NOT NULL,
  `note` varchar(255) DEFAULT NULL,
  `payment_type` varchar(255) NOT NULL,
  `deleted_at` timestamp NULL DEFAULT NULL,
  `status` int(11) NOT NULL,
  `created_at` timestamp NULL DEFAULT NULL,
  `updated_at` timestamp NULL DEFAULT NULL
) ENGINE=InnoDB DEFAULT CHARSET=utf8mb4 COLLATE=utf8mb4_unicode_ci;

--
-- Đang đổ dữ liệu cho bảng `orders`
--

INSERT INTO `orders` (`id`, `email`, `phone`, `address`, `note`, `payment_type`, `deleted_at`, `status`, `created_at`, `updated_at`) VALUES
(18, 'thangtran9772@gmail.com', '0931657128', 'ddd', NULL, 'offline', NULL, 1, '2024-03-19 03:28:52', '2024-03-19 03:28:52'),
(19, 'thangtran9772@gmail.com', '0931657128', 'Số nhà 431A, Hoàng Công Chất', NULL, 'offline', NULL, 2, '2024-04-19 06:45:28', '2024-04-19 06:45:28'),
(20, 'thangtran9772@gmail.com', '0931657128', 'Số nhà 431A, Hoàng Công Chất', NULL, 'offline', NULL, 0, '2024-04-19 06:46:20', '2024-04-19 06:46:20'),
(21, 'thangtran9772@gmail.com', '0931657128', 'Số nhà 431A, Hoàng Công Chất', NULL, 'offline', NULL, 0, '2024-04-19 07:21:27', '2024-04-19 07:21:27'),
(22, 'thangtran9772@gmail.com', '0931657128', 'Số nhà 431A, Hoàng Công Chất', NULL, 'offline', NULL, 0, '2024-04-19 07:22:27', '2024-04-19 07:22:27'),
(23, 'thangtran9772@gmail.com', '0931657128', 'Số nhà 431A, Hoàng Công Chất', NULL, 'offline', NULL, 0, '2024-04-19 07:22:49', '2024-04-19 07:22:49'),
(24, 'thangtran9772@gmail.com', '0931657128', 'Số nhà 431A, Hoàng Công Chất', NULL, 'offline', NULL, 0, '2024-04-19 07:25:00', '2024-04-19 07:25:00'),
(25, 'thangtran9772@gmail.com', '0931657128', 'Số nhà 431A, Hoàng Công Chất', NULL, 'offline', NULL, 0, '2024-04-19 07:25:42', '2024-04-19 07:25:42'),
(26, 'thangtran9772@gmail.com', '0931657128', 'Số nhà 431A, Hoàng Công Chất', NULL, 'offline', NULL, 0, '2024-04-19 07:29:18', '2024-04-19 07:29:18'),
(27, 'thangtran9772@gmail.com', '0931657128', 'Số nhà 431A, Hoàng Công Chất', NULL, 'offline', NULL, 0, '2024-04-19 07:30:37', '2024-04-19 07:30:37'),
(28, 'thangtran9772@gmail.com', '0931657128', 'Số nhà 431A, Hoàng Công Chất', NULL, 'offline', NULL, 0, '2024-04-19 08:02:28', '2024-04-19 08:02:28'),
(29, 'thangtran9772@gmail.com', '0931657128', 'Số nhà 431A, Hoàng Công Chất', NULL, 'offline', NULL, 0, '2024-04-19 08:02:51', '2024-04-19 08:02:51'),
(30, 'thangtran9772@gmail.com', '0931657128', 'Số nhà 431A, Hoàng Công Chất', NULL, 'offline', NULL, 0, '2024-04-19 08:04:01', '2024-04-19 08:04:01'),
(31, 'thangtran9772@gmail.com', '0931657128', 'Số nhà 431A, Hoàng Công Chất', NULL, 'offline', NULL, 0, '2024-04-19 08:04:42', '2024-04-19 08:04:42'),
(32, 'thangtran9772@gmail.com', '0931657128', 'Số nhà 431A, Hoàng Công Chất', NULL, 'offline', NULL, 0, '2024-04-19 08:04:52', '2024-04-19 08:04:52'),
(33, 'thangtran9772@gmail.com', '0931657128', 'Số nhà 431A, Hoàng Công Chất', NULL, 'offline', NULL, 0, '2024-04-19 08:05:53', '2024-04-19 08:05:53'),
(34, 'thangtran9772@gmail.com', '0931657128', 'Số nhà 431A, Hoàng Công Chất', NULL, 'offline', NULL, 0, '2024-04-19 08:06:31', '2024-04-19 08:06:31'),
(35, 'thangtran9772@gmail.com', '0931657128', 'Số nhà 431A, Hoàng Công Chất', NULL, 'offline', NULL, 0, '2024-04-19 08:06:49', '2024-04-19 08:06:49'),
(36, 'thangtran9772@gmail.com', '0931657128', 'Số nhà 431A, Hoàng Công Chất', NULL, 'offline', NULL, 0, '2024-04-19 08:07:28', '2024-04-19 08:07:28'),
(37, 'thangtran9772@gmail.com', '0931657128', 'Số nhà 431A, Hoàng Công Chất', NULL, 'offline', NULL, 0, '2024-04-19 08:15:19', '2024-04-19 08:15:19'),
(38, 'thangtran9772@gmail.com', '0931657128', 'Số nhà 431A, Hoàng Công Chất', NULL, 'offline', NULL, 0, '2024-04-19 08:15:50', '2024-04-19 08:15:50'),
(39, 'thangtran9772@gmail.com', '0931657128', 'Số nhà 431A, Hoàng Công Chất', NULL, 'offline', NULL, 0, '2024-04-19 08:16:54', '2024-04-19 08:16:54'),
(40, 'thangtran9772@gmail.com', '0931657128', 'Số nhà 431A, Hoàng Công Chất', NULL, 'offline', NULL, 0, '2024-04-19 08:23:11', '2024-04-19 08:23:11'),
(41, 'thangtran9772@gmail.com', '0931657128', 'Số nhà 431A, Hoàng Công Chất', NULL, 'offline', NULL, 0, '2024-04-19 08:23:45', '2024-04-19 08:23:45'),
(42, 'thangtran9772@gmail.com', '0931657128', 'Số nhà 431A, Hoàng Công Chất', NULL, 'offline', NULL, 0, '2024-04-19 08:25:15', '2024-04-19 08:25:15'),
(43, 'thangtran9772@gmail.com', '0931657128', 'Số nhà 431A, Hoàng Công Chất', NULL, 'offline', NULL, 0, '2024-04-19 08:26:57', '2024-04-19 08:26:57'),
(44, 'thangtran9772@gmail.com', '0931657128', 'Số nhà 431A, Hoàng Công Chất', NULL, 'offline', NULL, 0, '2024-04-19 08:30:48', '2024-04-19 08:30:48'),
(45, 'thangtran9772@gmail.com', '0931657128', 'Số nhà 431A, Hoàng Công Chất', NULL, 'offline', NULL, 0, '2024-04-19 08:35:04', '2024-04-19 08:35:04'),
(46, 'thangtran9772@gmail.com', '0931657128', 'Số nhà 431A, Hoàng Công Chất', NULL, 'offline', NULL, 0, '2024-04-19 08:35:48', '2024-04-19 08:35:48'),
(47, 'thangtran9772@gmail.com', '0931657128', 'Số nhà 431A, Hoàng Công Chất', NULL, 'offline', NULL, 0, '2024-04-19 08:36:30', '2024-04-19 08:36:30'),
(48, 'thangtran9772@gmail.com', '0931657128', 'Số nhà 431A, Hoàng Công Chất', NULL, 'offline', NULL, 0, '2024-04-19 08:37:10', '2024-04-19 08:37:10'),
(49, 'thangtran9772@gmail.com', '0931657128', 'Số nhà 431A, Hoàng Công Chất', NULL, 'offline', NULL, 0, '2024-04-19 08:39:47', '2024-04-19 08:39:47'),
(50, 'thangtran9772@gmail.com', '0931657128', 'Số nhà 431A, Hoàng Công Chất', NULL, 'offline', NULL, 0, '2024-04-19 08:41:58', '2024-04-19 08:41:58'),
(51, 'thangtran9772@gmail.com', '0931657128', 'Số nhà 431A, Hoàng Công Chất', NULL, 'offline', NULL, 0, '2024-04-19 08:43:10', '2024-04-19 08:43:10'),
(52, 'thangtran9772@gmail.com', '0931657128', 'Số nhà 431A, Hoàng Công Chất', NULL, 'offline', NULL, 0, '2024-04-19 08:44:36', '2024-04-19 08:44:36'),
(53, 'thangtran9772@gmail.com', '0931657128', 'Số nhà 431A, Hoàng Công Chất', NULL, 'offline', NULL, 0, '2024-04-19 08:46:38', '2024-04-19 08:46:38'),
(54, 'thangtran9772@gmail.com', '0931657128', 'Số nhà 431A, Hoàng Công Chất', NULL, 'offline', NULL, 0, '2024-04-19 08:47:43', '2024-04-19 08:47:43'),
(55, 'thangtran9772@gmail.com', '0931657128', 'Số nhà 431A, Hoàng Công Chất', NULL, 'offline', NULL, 0, '2024-04-19 08:48:16', '2024-04-19 08:48:16'),
(56, 'thangtran9772@gmail.com', '0931657128', 'Số nhà 431A, Hoàng Công Chất', NULL, 'online', NULL, 0, '2024-04-19 08:51:06', '2024-04-19 08:51:06'),
(57, 'thangtran9772@gmail.com', '0931657128', 'Số nhà 431A, Hoàng Công Chất', NULL, 'online', NULL, 0, '2024-04-19 08:51:45', '2024-04-19 08:51:45'),
(58, 'thangtran9772@gmail.com', '0931657128', 'Số nhà 431A, Hoàng Công Chất', NULL, 'online', NULL, 0, '2024-04-19 08:52:06', '2024-04-19 08:52:06'),
(59, 'thangtran9772@gmail.com', '0931657128', 'Số nhà 431A, Hoàng Công Chất', NULL, 'online', NULL, 0, '2024-04-19 08:53:44', '2024-04-19 08:53:44'),
(60, 'thangtran9772@gmail.com', '0931657128', 'Số nhà 431A, Hoàng Công Chất', NULL, 'online', NULL, 0, '2024-04-19 08:54:38', '2024-04-19 08:54:38'),
(61, 'thangtran9772@gmail.com', '0931657128', 'Số nhà 431A, Hoàng Công Chất', NULL, 'online', NULL, 0, '2024-04-19 08:57:16', '2024-04-19 08:57:16'),
(62, 'thangtran9772@gmail.com', '0931657128', 'Số nhà 431A, Hoàng Công Chất', NULL, 'online', NULL, 0, '2024-04-19 08:58:31', '2024-04-19 08:58:31'),
(63, 'thangtran9772@gmail.com', '0931657128', 'Số nhà 431A, Hoàng Công Chất', NULL, 'online', NULL, 0, '2024-04-19 08:59:05', '2024-04-19 08:59:05'),
(64, 'thangtran9772@gmail.com', '0931657128', 'Số nhà 431A, Hoàng Công Chất', NULL, 'online', NULL, 0, '2024-04-19 08:59:28', '2024-04-19 08:59:28'),
(65, 'thangtran9772@gmail.com', '0931657128', 'Số nhà 431A, Hoàng Công Chất', NULL, 'online', NULL, 0, '2024-04-19 09:00:05', '2024-04-19 09:00:05'),
(66, 'thangtran9772@gmail.com', '0931657128', 'Số nhà 431A, Hoàng Công Chất', NULL, 'online', NULL, 2, '2024-04-19 09:01:17', '2024-04-19 09:01:17'),
(67, 'thangtran9772@gmail.com', '0931657128', 'Số nhà 431A, Hoàng Công Chất', NULL, 'online', NULL, 0, '2024-04-19 09:01:34', '2024-04-19 09:01:34'),
(68, 'thangtran9772@gmail.com', '0931657128', 'Số nhà 431A, Hoàng Công Chất', NULL, 'online', NULL, 0, '2024-04-19 09:02:30', '2024-04-19 09:02:30'),
(69, 'thangtran9772@gmail.com', '0931657128', 'Số nhà 431A, Hoàng Công Chất', NULL, 'online', NULL, 1, '2024-04-19 09:03:05', '2024-04-19 09:03:05'),
(70, 'thangtran9772@gmail.com', '0931657128', 'Số nhà 431A, Hoàng Công Chất', NULL, 'online', NULL, 1, '2024-04-19 09:03:22', '2024-04-19 09:03:22'),
(71, 'thangtran9772@gmail.com', '0931657128', 'Số nhà 431A, Hoàng Công Chất', NULL, 'online', NULL, 0, '2024-04-19 09:05:25', '2024-04-19 09:05:25'),
(72, 'thangtran9772@gmail.com', '0931657128', 'Số nhà 431A, Hoàng Công Chất', NULL, 'online', NULL, 0, '2024-04-19 09:13:24', '2024-04-19 09:13:24'),
(73, 'thangtran9772@gmail.com', '0931657128', 'Số nhà 431A, Hoàng Công Chất', NULL, 'online', NULL, 0, '2024-04-19 09:13:44', '2024-04-19 09:13:44'),
(74, 'thangtran9772@gmail.com', '63376363763', 'Số nhà 431A, Hoàng Công Chất', NULL, 'offline', NULL, 2, '2024-04-19 09:22:03', '2024-04-19 09:22:03'),
(75, 'thangtv.tourist@gmail.com', '938266252', 'TPHCM', NULL, 'offline', NULL, 0, '2024-04-19 09:25:48', '2024-04-19 09:25:48'),
(76, 'thangtv.tourist@gmail.com', '938266252', 'TPHCM', NULL, 'offline', NULL, 2, '2024-04-19 09:26:16', '2024-04-19 09:26:16'),
(77, 'tranthangvui360@gmail.com', '0931657128', 'Số nhà 431A, Hoàng Công Chất', NULL, 'offline', NULL, 1, '2024-04-21 21:26:35', '2024-04-21 21:26:35'),
(78, 'tranthangvui360@gmail.com', '0931657128', 'Số nhà 431A, Hoàng Công Chất', NULL, 'offline', NULL, 1, '2024-04-23 19:45:38', '2024-04-23 19:45:38'),
(79, 'tranthangvui360@gmail.com', '0931657128', 'Số nhà 431A, Hoàng Công Chất', NULL, 'online', NULL, 2, '2024-04-25 11:25:39', '2024-04-25 11:25:39'),
(80, 'tranthangvui360@gmail.com', '0931657133333333', 'sdddd', NULL, 'online', NULL, 0, '2024-04-25 20:29:14', '2024-04-25 20:29:14'),
(81, 'tranthangvui360@gmail.com', '0931657133333333', 'sdddd', NULL, 'online', NULL, 0, '2024-04-25 20:31:45', '2024-04-25 20:31:45'),
(82, 'tranthangvui360@gmail.com', '0931657133333333', 'sdddd', NULL, 'online', NULL, 0, '2024-04-25 20:32:10', '2024-04-25 20:32:10'),
(83, 'tranthangvui360@gmail.com', '0931657133333333', 'sdddd', NULL, 'online', NULL, 0, '2024-04-25 20:32:26', '2024-04-25 20:32:26');

-- --------------------------------------------------------

--
-- Cấu trúc bảng cho bảng `orders_detail`
--

CREATE TABLE `orders_detail` (
  `id` bigint(20) UNSIGNED NOT NULL,
  `product_id` int(11) NOT NULL,
  `order_id` int(11) NOT NULL,
  `user_id` int(11) NOT NULL,
  `quantity` varchar(255) NOT NULL,
  `price` varchar(255) NOT NULL,
  `total_payment` varchar(255) NOT NULL,
  `discount` varchar(255) DEFAULT NULL,
  `status` int(11) DEFAULT NULL,
  `created_at` timestamp NULL DEFAULT NULL,
  `updated_at` timestamp NULL DEFAULT NULL
) ENGINE=InnoDB DEFAULT CHARSET=utf8mb4 COLLATE=utf8mb4_unicode_ci;

--
-- Đang đổ dữ liệu cho bảng `orders_detail`
--

INSERT INTO `orders_detail` (`id`, `product_id`, `order_id`, `user_id`, `quantity`, `price`, `total_payment`, `discount`, `status`, `created_at`, `updated_at`) VALUES
(32, 3, 18, 8, '1', '480000', '480000', '20000', NULL, '2024-03-19 03:28:52', '2024-03-19 03:28:52'),
(33, 6, 18, 8, '2', '250000', '500000', NULL, NULL, '2024-03-19 03:28:52', '2024-03-19 03:28:52'),
(34, 4, 19, 8, '1', '250000', '250000', NULL, NULL, '2024-04-19 06:45:28', '2024-04-19 06:45:28'),
(35, 4, 20, 8, '1', '250000', '250000', NULL, NULL, '2024-04-19 06:46:20', '2024-04-19 06:46:20'),
(36, 3, 20, 8, '2', '480000', '960000', '20000', NULL, '2024-04-19 06:46:20', '2024-04-19 06:46:20'),
(37, 4, 21, 8, '1', '250000', '250000', NULL, NULL, '2024-04-19 07:21:27', '2024-04-19 07:21:27'),
(38, 3, 21, 8, '2', '480000', '960000', '20000', NULL, '2024-04-19 07:21:27', '2024-04-19 07:21:27'),
(39, 4, 22, 8, '1', '250000', '250000', NULL, NULL, '2024-04-19 07:22:27', '2024-04-19 07:22:27'),
(40, 3, 22, 8, '2', '480000', '960000', '20000', NULL, '2024-04-19 07:22:27', '2024-04-19 07:22:27'),
(41, 4, 23, 8, '1', '250000', '250000', NULL, NULL, '2024-04-19 07:22:49', '2024-04-19 07:22:49'),
(42, 3, 23, 8, '2', '480000', '960000', '20000', NULL, '2024-04-19 07:22:49', '2024-04-19 07:22:49'),
(43, 4, 24, 8, '1', '250000', '250000', NULL, NULL, '2024-04-19 07:25:00', '2024-04-19 07:25:00'),
(44, 3, 24, 8, '2', '480000', '960000', '20000', NULL, '2024-04-19 07:25:00', '2024-04-19 07:25:00'),
(45, 4, 25, 8, '1', '250000', '250000', NULL, NULL, '2024-04-19 07:25:42', '2024-04-19 07:25:42'),
(46, 3, 25, 8, '2', '480000', '960000', '20000', NULL, '2024-04-19 07:25:42', '2024-04-19 07:25:42'),
(47, 4, 26, 8, '1', '250000', '250000', NULL, NULL, '2024-04-19 07:29:18', '2024-04-19 07:29:18'),
(48, 3, 26, 8, '2', '480000', '960000', '20000', NULL, '2024-04-19 07:29:18', '2024-04-19 07:29:18'),
(49, 4, 27, 8, '1', '250000', '250000', NULL, NULL, '2024-04-19 07:30:37', '2024-04-19 07:30:37'),
(50, 3, 27, 8, '2', '480000', '960000', '20000', NULL, '2024-04-19 07:30:37', '2024-04-19 07:30:37'),
(51, 4, 28, 8, '1', '250000', '250000', NULL, NULL, '2024-04-19 08:02:28', '2024-04-19 08:02:28'),
(52, 3, 28, 8, '2', '480000', '960000', '20000', NULL, '2024-04-19 08:02:28', '2024-04-19 08:02:28'),
(53, 4, 29, 8, '1', '250000', '250000', NULL, NULL, '2024-04-19 08:02:51', '2024-04-19 08:02:51'),
(54, 3, 29, 8, '2', '480000', '960000', '20000', NULL, '2024-04-19 08:02:51', '2024-04-19 08:02:51'),
(55, 4, 30, 8, '1', '250000', '250000', NULL, NULL, '2024-04-19 08:04:01', '2024-04-19 08:04:01'),
(56, 3, 30, 8, '2', '480000', '960000', '20000', NULL, '2024-04-19 08:04:01', '2024-04-19 08:04:01'),
(57, 4, 31, 8, '1', '250000', '250000', NULL, NULL, '2024-04-19 08:04:42', '2024-04-19 08:04:42'),
(58, 3, 31, 8, '2', '480000', '960000', '20000', NULL, '2024-04-19 08:04:42', '2024-04-19 08:04:42'),
(59, 4, 32, 8, '1', '250000', '250000', NULL, NULL, '2024-04-19 08:04:52', '2024-04-19 08:04:52'),
(60, 3, 32, 8, '2', '480000', '960000', '20000', NULL, '2024-04-19 08:04:52', '2024-04-19 08:04:52'),
(61, 4, 33, 8, '1', '250000', '250000', NULL, NULL, '2024-04-19 08:05:53', '2024-04-19 08:05:53'),
(62, 3, 33, 8, '2', '480000', '960000', '20000', NULL, '2024-04-19 08:05:53', '2024-04-19 08:05:53'),
(63, 4, 34, 8, '1', '250000', '250000', NULL, NULL, '2024-04-19 08:06:31', '2024-04-19 08:06:31'),
(64, 3, 34, 8, '2', '480000', '960000', '20000', NULL, '2024-04-19 08:06:31', '2024-04-19 08:06:31'),
(65, 4, 35, 8, '1', '250000', '250000', NULL, NULL, '2024-04-19 08:06:49', '2024-04-19 08:06:49'),
(66, 3, 35, 8, '2', '480000', '960000', '20000', NULL, '2024-04-19 08:06:49', '2024-04-19 08:06:49'),
(67, 4, 36, 8, '1', '250000', '250000', NULL, NULL, '2024-04-19 08:07:28', '2024-04-19 08:07:28'),
(68, 3, 36, 8, '2', '480000', '960000', '20000', NULL, '2024-04-19 08:07:28', '2024-04-19 08:07:28'),
(69, 4, 37, 8, '1', '250000', '250000', NULL, NULL, '2024-04-19 08:15:19', '2024-04-19 08:15:19'),
(70, 3, 37, 8, '2', '480000', '960000', '20000', NULL, '2024-04-19 08:15:19', '2024-04-19 08:15:19'),
(71, 4, 38, 8, '1', '250000', '250000', NULL, NULL, '2024-04-19 08:15:50', '2024-04-19 08:15:50'),
(72, 3, 38, 8, '2', '480000', '960000', '20000', NULL, '2024-04-19 08:15:50', '2024-04-19 08:15:50'),
(73, 4, 39, 8, '1', '250000', '250000', NULL, NULL, '2024-04-19 08:16:54', '2024-04-19 08:16:54'),
(74, 3, 39, 8, '2', '480000', '960000', '20000', NULL, '2024-04-19 08:16:54', '2024-04-19 08:16:54'),
(75, 4, 40, 8, '1', '250000', '250000', NULL, NULL, '2024-04-19 08:23:11', '2024-04-19 08:23:11'),
(76, 3, 40, 8, '2', '480000', '960000', '20000', NULL, '2024-04-19 08:23:11', '2024-04-19 08:23:11'),
(77, 4, 41, 8, '1', '250000', '250000', NULL, NULL, '2024-04-19 08:23:45', '2024-04-19 08:23:45'),
(78, 3, 41, 8, '2', '480000', '960000', '20000', NULL, '2024-04-19 08:23:45', '2024-04-19 08:23:45'),
(79, 4, 42, 8, '1', '250000', '250000', NULL, NULL, '2024-04-19 08:25:15', '2024-04-19 08:25:15'),
(80, 3, 42, 8, '2', '480000', '960000', '20000', NULL, '2024-04-19 08:25:15', '2024-04-19 08:25:15'),
(81, 4, 43, 8, '1', '250000', '250000', NULL, NULL, '2024-04-19 08:26:57', '2024-04-19 08:26:57'),
(82, 3, 43, 8, '2', '480000', '960000', '20000', NULL, '2024-04-19 08:26:57', '2024-04-19 08:26:57'),
(83, 4, 44, 8, '1', '250000', '250000', NULL, NULL, '2024-04-19 08:30:48', '2024-04-19 08:30:48'),
(84, 3, 44, 8, '2', '480000', '960000', '20000', NULL, '2024-04-19 08:30:48', '2024-04-19 08:30:48'),
(85, 4, 45, 8, '1', '250000', '250000', NULL, NULL, '2024-04-19 08:35:04', '2024-04-19 08:35:04'),
(86, 3, 45, 8, '2', '480000', '960000', '20000', NULL, '2024-04-19 08:35:04', '2024-04-19 08:35:04'),
(87, 4, 46, 8, '1', '250000', '250000', NULL, NULL, '2024-04-19 08:35:48', '2024-04-19 08:35:48'),
(88, 3, 46, 8, '2', '480000', '960000', '20000', NULL, '2024-04-19 08:35:48', '2024-04-19 08:35:48'),
(89, 4, 47, 8, '1', '250000', '250000', NULL, NULL, '2024-04-19 08:36:30', '2024-04-19 08:36:30'),
(90, 3, 47, 8, '2', '480000', '960000', '20000', NULL, '2024-04-19 08:36:30', '2024-04-19 08:36:30'),
(91, 4, 48, 8, '1', '250000', '250000', NULL, NULL, '2024-04-19 08:37:10', '2024-04-19 08:37:10'),
(92, 3, 48, 8, '2', '480000', '960000', '20000', NULL, '2024-04-19 08:37:10', '2024-04-19 08:37:10'),
(93, 4, 49, 8, '1', '250000', '250000', NULL, NULL, '2024-04-19 08:39:47', '2024-04-19 08:39:47'),
(94, 3, 49, 8, '2', '480000', '960000', '20000', NULL, '2024-04-19 08:39:47', '2024-04-19 08:39:47'),
(95, 4, 50, 8, '1', '250000', '250000', NULL, NULL, '2024-04-19 08:41:58', '2024-04-19 08:41:58'),
(96, 3, 50, 8, '2', '480000', '960000', '20000', NULL, '2024-04-19 08:41:58', '2024-04-19 08:41:58'),
(97, 4, 51, 8, '1', '250000', '250000', NULL, NULL, '2024-04-19 08:43:10', '2024-04-19 08:43:10'),
(98, 3, 51, 8, '2', '480000', '960000', '20000', NULL, '2024-04-19 08:43:10', '2024-04-19 08:43:10'),
(99, 4, 52, 8, '1', '250000', '250000', NULL, NULL, '2024-04-19 08:44:36', '2024-04-19 08:44:36'),
(100, 3, 52, 8, '2', '480000', '960000', '20000', NULL, '2024-04-19 08:44:36', '2024-04-19 08:44:36'),
(101, 4, 53, 8, '1', '250000', '250000', NULL, NULL, '2024-04-19 08:46:39', '2024-04-19 08:46:39'),
(102, 3, 53, 8, '2', '480000', '960000', '20000', NULL, '2024-04-19 08:46:39', '2024-04-19 08:46:39'),
(103, 4, 54, 8, '1', '250000', '250000', NULL, NULL, '2024-04-19 08:47:43', '2024-04-19 08:47:43'),
(104, 3, 54, 8, '2', '480000', '960000', '20000', NULL, '2024-04-19 08:47:43', '2024-04-19 08:47:43'),
(105, 4, 55, 8, '1', '250000', '250000', NULL, NULL, '2024-04-19 08:48:16', '2024-04-19 08:48:16'),
(106, 3, 55, 8, '2', '480000', '960000', '20000', NULL, '2024-04-19 08:48:16', '2024-04-19 08:48:16'),
(107, 4, 56, 8, '1', '250000', '250000', NULL, NULL, '2024-04-19 08:51:06', '2024-04-19 08:51:06'),
(108, 3, 56, 8, '2', '480000', '960000', '20000', NULL, '2024-04-19 08:51:06', '2024-04-19 08:51:06'),
(109, 4, 57, 8, '1', '250000', '250000', NULL, NULL, '2024-04-19 08:51:45', '2024-04-19 08:51:45'),
(110, 3, 57, 8, '2', '480000', '960000', '20000', NULL, '2024-04-19 08:51:45', '2024-04-19 08:51:45'),
(111, 4, 58, 8, '1', '250000', '250000', NULL, NULL, '2024-04-19 08:52:06', '2024-04-19 08:52:06'),
(112, 3, 58, 8, '2', '480000', '960000', '20000', NULL, '2024-04-19 08:52:06', '2024-04-19 08:52:06'),
(113, 4, 59, 8, '1', '250000', '250000', NULL, NULL, '2024-04-19 08:53:44', '2024-04-19 08:53:44'),
(114, 3, 59, 8, '2', '480000', '960000', '20000', NULL, '2024-04-19 08:53:44', '2024-04-19 08:53:44'),
(115, 4, 60, 8, '1', '250000', '250000', NULL, NULL, '2024-04-19 08:54:38', '2024-04-19 08:54:38'),
(116, 3, 60, 8, '2', '480000', '960000', '20000', NULL, '2024-04-19 08:54:38', '2024-04-19 08:54:38'),
(117, 4, 61, 8, '1', '250000', '250000', NULL, NULL, '2024-04-19 08:57:16', '2024-04-19 08:57:16'),
(118, 3, 61, 8, '2', '480000', '960000', '20000', NULL, '2024-04-19 08:57:16', '2024-04-19 08:57:16'),
(119, 4, 62, 8, '1', '250000', '250000', NULL, NULL, '2024-04-19 08:58:31', '2024-04-19 08:58:31'),
(120, 3, 62, 8, '2', '480000', '960000', '20000', NULL, '2024-04-19 08:58:31', '2024-04-19 08:58:31'),
(121, 4, 63, 8, '1', '250000', '250000', NULL, NULL, '2024-04-19 08:59:05', '2024-04-19 08:59:05'),
(122, 3, 63, 8, '2', '480000', '960000', '20000', NULL, '2024-04-19 08:59:05', '2024-04-19 08:59:05'),
(123, 4, 64, 8, '1', '250000', '250000', NULL, NULL, '2024-04-19 08:59:28', '2024-04-19 08:59:28'),
(124, 3, 64, 8, '2', '480000', '960000', '20000', NULL, '2024-04-19 08:59:28', '2024-04-19 08:59:28'),
(125, 4, 65, 8, '1', '250000', '250000', NULL, NULL, '2024-04-19 09:00:05', '2024-04-19 09:00:05'),
(126, 3, 65, 8, '2', '480000', '960000', '20000', NULL, '2024-04-19 09:00:05', '2024-04-19 09:00:05'),
(127, 4, 66, 8, '1', '250000', '250000', NULL, NULL, '2024-04-19 09:01:17', '2024-04-19 09:01:17'),
(128, 3, 66, 8, '2', '480000', '960000', '20000', NULL, '2024-04-19 09:01:17', '2024-04-19 09:01:17'),
(129, 4, 67, 8, '1', '250000', '250000', NULL, NULL, '2024-04-19 09:01:34', '2024-04-19 09:01:34'),
(130, 3, 67, 8, '2', '480000', '960000', '20000', NULL, '2024-04-19 09:01:34', '2024-04-19 09:01:34'),
(131, 4, 68, 8, '1', '250000', '250000', NULL, NULL, '2024-04-19 09:02:30', '2024-04-19 09:02:30'),
(132, 3, 68, 8, '2', '480000', '960000', '20000', NULL, '2024-04-19 09:02:30', '2024-04-19 09:02:30'),
(133, 4, 69, 8, '1', '250000', '250000', NULL, NULL, '2024-04-19 09:03:05', '2024-04-19 09:03:05'),
(134, 3, 69, 8, '2', '480000', '960000', '20000', NULL, '2024-04-19 09:03:05', '2024-04-19 09:03:05'),
(135, 4, 70, 8, '1', '250000', '250000', NULL, NULL, '2024-04-19 09:03:22', '2024-04-19 09:03:22'),
(136, 3, 70, 8, '2', '480000', '960000', '20000', NULL, '2024-04-19 09:03:22', '2024-04-19 09:03:22'),
(137, 4, 71, 8, '1', '250000', '250000', NULL, NULL, '2024-04-19 09:05:25', '2024-04-19 09:05:25'),
(138, 3, 71, 8, '2', '480000', '960000', '20000', NULL, '2024-04-19 09:05:25', '2024-04-19 09:05:25'),
(139, 4, 72, 8, '1', '250000', '250000', NULL, NULL, '2024-04-19 09:13:24', '2024-04-19 09:13:24'),
(140, 3, 72, 8, '2', '480000', '960000', '20000', NULL, '2024-04-19 09:13:24', '2024-04-19 09:13:24'),
(141, 4, 73, 8, '1', '250000', '250000', NULL, NULL, '2024-04-19 09:13:44', '2024-04-19 09:13:44'),
(142, 3, 73, 8, '2', '480000', '960000', '20000', NULL, '2024-04-19 09:13:44', '2024-04-19 09:13:44'),
(143, 4, 74, 8, '1', '250000', '250000', NULL, NULL, '2024-04-19 09:22:03', '2024-04-19 09:22:03'),
(144, 3, 74, 8, '2', '480000', '960000', '20000', NULL, '2024-04-19 09:22:03', '2024-04-19 09:22:03'),
(145, 4, 75, 9, '1', '250000', '250000', NULL, NULL, '2024-04-19 09:25:48', '2024-04-19 09:25:48'),
(146, 3, 75, 9, '2', '480000', '960000', '20000', NULL, '2024-04-19 09:25:48', '2024-04-19 09:25:48'),
(147, 4, 76, 9, '1', '250000', '250000', NULL, NULL, '2024-04-19 09:26:16', '2024-04-19 09:26:16'),
(148, 3, 76, 9, '2', '480000', '960000', '20000', NULL, '2024-04-19 09:26:16', '2024-04-19 09:26:16'),
(149, 1, 77, 2, '5', '480000', '2400000', '20000', NULL, '2024-04-21 21:26:35', '2024-04-21 21:26:35'),
(150, 8, 78, 2, '2', '250000', '500000', NULL, NULL, '2024-04-23 19:45:39', '2024-04-23 19:45:39'),
(151, 1, 79, 2, '10', '480000', '4800000', '20000', NULL, '2024-04-25 11:25:39', '2024-04-25 11:25:39'),
(152, 5, 79, 2, '3', '480000', '1440000', '20000', NULL, '2024-04-25 11:25:39', '2024-04-25 11:25:39'),
(153, 1, 80, 2, '1', '480000', '480000', '20000', NULL, '2024-04-25 20:29:14', '2024-04-25 20:29:14'),
(154, 1, 81, 2, '1', '480000', '480000', '20000', NULL, '2024-04-25 20:31:45', '2024-04-25 20:31:45'),
(155, 1, 82, 2, '1', '480000', '480000', '20000', NULL, '2024-04-25 20:32:10', '2024-04-25 20:32:10'),
(156, 1, 83, 2, '1', '480000', '480000', '20000', NULL, '2024-04-25 20:32:26', '2024-04-25 20:32:26');

-- --------------------------------------------------------

--
-- Cấu trúc bảng cho bảng `password_reset_tokens`
--

CREATE TABLE `password_reset_tokens` (
  `email` varchar(255) NOT NULL,
  `token` varchar(255) NOT NULL,
  `created_at` timestamp NULL DEFAULT NULL
) ENGINE=InnoDB DEFAULT CHARSET=utf8mb4 COLLATE=utf8mb4_unicode_ci;

-- --------------------------------------------------------

--
-- Cấu trúc bảng cho bảng `personal_access_tokens`
--

CREATE TABLE `personal_access_tokens` (
  `id` bigint(20) UNSIGNED NOT NULL,
  `tokenable_type` varchar(255) NOT NULL,
  `tokenable_id` bigint(20) UNSIGNED NOT NULL,
  `name` varchar(255) NOT NULL,
  `token` varchar(64) NOT NULL,
  `abilities` text DEFAULT NULL,
  `last_used_at` timestamp NULL DEFAULT NULL,
  `expires_at` timestamp NULL DEFAULT NULL,
  `created_at` timestamp NULL DEFAULT NULL,
  `updated_at` timestamp NULL DEFAULT NULL
) ENGINE=InnoDB DEFAULT CHARSET=utf8mb4 COLLATE=utf8mb4_unicode_ci;

-- --------------------------------------------------------

--
-- Cấu trúc bảng cho bảng `products`
--

CREATE TABLE `products` (
  `id` bigint(20) UNSIGNED NOT NULL,
  `name` varchar(255) NOT NULL,
  `description` text NOT NULL,
  `short_description` varchar(255) DEFAULT NULL,
  `cate_id` int(11) NOT NULL,
  `quantity` varchar(255) DEFAULT NULL,
  `price` varchar(255) NOT NULL,
  `discount` varchar(255) DEFAULT NULL,
  `image` text NOT NULL,
  `date` date DEFAULT NULL,
  `status_product` int(11) DEFAULT NULL COMMENT 'Còn hàng, hết hàng',
  `deleted_at` timestamp NULL DEFAULT NULL,
  `status` int(11) NOT NULL,
  `created_at` timestamp NULL DEFAULT NULL,
  `updated_at` timestamp NULL DEFAULT NULL
) ENGINE=InnoDB DEFAULT CHARSET=utf8mb4 COLLATE=utf8mb4_unicode_ci;

--
-- Đang đổ dữ liệu cho bảng `products`
--

INSERT INTO `products` (`id`, `name`, `description`, `short_description`, `cate_id`, `quantity`, `price`, `discount`, `image`, `date`, `status_product`, `deleted_at`, `status`, `created_at`, `updated_at`) VALUES
(1, 'Chung cư Vinhomes Riverside', 'Chủ đầu tư: Tập đoàn Vingroup.\r\nĐịa chỉ: Phường Phúc Đồng và Việt Hưng, Q. Long Biên, Hà Nội.\r\nĐơn vị vận hành quản lý: Vinhomes.\r\nTổng diện tích đất: 4,3ha.\r\nMật độ xây dựng: 28,5%.\r\nQuy mô dự án: 01 tòa tháp văn phòng và 06 tòa tháp căn hộ cao 10 – 15 tầng.\r\nHầm để xe: Hầm để diện tích 35.600m2, trong đó 19.000m2 diện tích Hệ thống để xe ô tô thông minh 3 tầng đáp ứng 1.000 xe.\r\nLoại hình: Căn hộ.\r\nKhởi công: Quý 1 năm 2019.\r\nBàn giao:\r\nTòa S1, S5 & S6A: tháng 10 năm 2020.\r\nTòa S2 & S3: tháng 09 năm 2020.\r\nTòa S6B: tháng 12 năm 2020.', NULL, 1, '3', '500000000', '20000', 'products/1714124777_vinhomes-symphony.jpg', NULL, NULL, NULL, 1, '2024-04-15 23:53:12', '2024-04-26 02:45:14'),
(2, 'Vinhomes Times City', 'Chủ đầu tư: Tập đoàn Vingroup.\r\nĐịa chỉ: Số 458 Minh Khai, P. Vĩnh Tuy, Q. Hai Bà Trưng và Số 25 ngõ 13 Lĩnh Nam, P. Mai Động, Q. Hoàng Mai, Hà Nội.\r\nĐơn vị vận hành quản lý: Vinhomes.\r\nTổng diện tích đất: 360.500m2.\r\nMật độ xây dựng: 30%.\r\nQuy mô dự án: 23 tòa căn hộ cao 27 – 35 tầng và 10 căn shophouse Boutique.\r\nLoại hình: Căn hộ và shophouse Boutique.\r\nKhởi công: Năm 2011.\r\nBàn giao: Quý 3 năm 2017.', NULL, 1, NULL, '1000000', NULL, 'products/1714124835_vinhomes-times-city-toan-canh-du-an.jpg', NULL, NULL, NULL, 1, '2024-04-15 23:57:04', '2024-04-26 02:46:38'),
(3, 'Vinhomes Green Villas', 'Chủ đầu tư: Tập đoàn Vingroup.\r\nĐịa chỉ: Đại lộ Thăng Long, P. Đại Mỗ, Q. Nam Từ Liêm, Hà Nội.\r\nĐơn vị vận hành quản lý: Vinhomes.\r\nTổng diện tích đất: 13,7ha.\r\nMật độ xây dựng: 30%.\r\nQuy mô dự án: 98 căn biệt thự đơn lập và 03 căn shophouse.\r\nLoại hình: Biệt thự đơn lập.\r\nKhởi công: Quý 1 năm 2019.\r\nBàn giao: Tháng 3 năm 2020.', NULL, 1, '3', '500000', '20000', 'products/1714124891_biet-thu-vinhomes-green-villas.jpg', NULL, NULL, NULL, 1, '2024-04-15 23:53:12', '2024-04-26 02:47:38'),
(4, 'Vinhomes West Point', 'Chủ đầu tư: Tập đoàn Vingroup.\r\nĐịa chỉ: Phạm Hùng – Đỗ Đức Dục, phường Mễ Trì, quận Nam Từ Liêm, Hà Nội.\r\nĐơn vị vận hành quản lý: Vinhomes.\r\nTổng diện tích đất: 2,4ha.\r\nMật độ xây dựng: 35%\r\nQuy mô dự án: 3 tòa căn hộ cao 35 – 39 tầng.\r\nLoại hình: Căn hộ và căn hộ văn phòng Officetel.\r\nKhởi công: Tháng 3 năm 2018.\r\nBàn giao: Từ tháng 4 năm 2020.', NULL, 1, NULL, '250000', NULL, 'products/1714124950_vinhomes-west-point-phoi-canh.jpg', NULL, NULL, NULL, 1, '2024-04-15 23:57:04', '2024-04-26 02:48:41'),
(5, 'ĐẤT THỔ CƯ 2018m2', 'Do đang cần tiền gấp nên cần bán nhanh  ĐẤT THỔ CƯ 2018m²,  ngay KCN lớn, Trung Tâm Thị Xã ngay QL13.\r\n\r\n- Đất sổ hồng riêng, đất thổ cư tôi chính chủ sang tên nên có sao bán vậy, người thật việc thật 100%.\r\n\r\n- Diện tích: 34x59=2018m².\r\n=> Giá: 195 triệu sổ.\r\n- Vị trí nằm ngay khu dân cư hiện hữu, ngay QL.13 đi vào đất đúng 10m , mặt tiền đường 12m , dân cư đông xung quanh bán kính 500m có Trường học, Chợ, Bệnh viện, Ngân Hàng…\r\n\r\n-Sát đó các Công Ty xí nghiệp đang hoạt động nhộn nhịp hơn 15.000 công nhân.', NULL, 2, NULL, '195000000', '20000', 'products/1714125256_20240424_095513_820233_0.jpg', NULL, NULL, NULL, 1, '2024-04-15 23:53:12', '2024-04-26 02:53:20'),
(6, 'SIÊU BIỆT THỰ TRÊN KHÔNG', '𝗦𝗜𝗘̂𝗨 𝗕𝗜𝗘̣̂𝗧 𝗧𝗛𝗨̛̣ 𝗧𝗥𝗘̂𝗡 𝗞𝗛𝗢̂𝗡𝗚 sang xịn mịn, chủ nhà có gu, chịu chơi chịu chi mua nhà xinh chuẩn gu phố\r\n\r\n-“Siêu căn hộ” này được thiết kế với diện tích lên đến 181,29 m2, 4PN- 4Vs, ô góc vuông vắn nằm ở tầng 20 21 của tòa chung cư\r\n\r\n- Vị trí căn hộ view ôm trọn công viên hồ điều hoà xanh mướt rộng lớn. Bên dưới là vườn hoa trái tim❤️\r\n\r\n- Tầm nhìn Paronama 360• với vị trí trung tâm rất thuận tiện cách phố chỉ 10’ đi xe.\r\n\r\n- Căn hộ được bàn giao thô cho khách hàng sáng tạo trong ngôi nhà của mình\r\n\r\n- Vốn tự có chỉ từ 4,0x tỷ (30% giá trị căn hộ) HT vay 65% GTCH\r\n- Hỗ trợ lãi suất và ân hạn nợ gốc đến 18 tháng\r\n* Khu đô thị Khai Sơn City\r\n- Quần thể rộng lớn với khu biệt thự, shophouse và 6 tòa chung cư 21 tầng 3 tầng hầm thông.\r\n\r\n- 60 tiện ích đẳng cấp: Bể bơi ngoài trời 400m, Siêu thị mua sắm, nhà trẻ, trường học, vườn dạo bộ, bệnh viện quốc tế, công viên nội khu và hồ điều hòa 22 ha, Khu vui chơi trẻ em, Khu thể thao liên hoàn, tổ hợp khách sạn 4*, 5*, 6*,...\r\n\r\n- Hệ thống nước sạch, công nghệ xử lý nước thải, rác thải, ô nhiễm bụi bẩn, tạp chất hiện đại.\r\n\r\n- Không gian cây xanh lớn với diện tích cây xanh 2m/người.\r\n\r\n- Hệ thống kính 3 lớp tiêu chuẩn cao cấp giúp giảm thiểu tiếng ồn và nhiệt.\r\n\r\n- Ký hợp đồng trực tiếp CĐT.\r\n\r\n- Pháp lý đầy đủ', 'SIÊU BIỆT THỰ TRÊN KHÔNG', 3, NULL, '12000000', NULL, 'products/1714125359_400_dfb31188-7329-4282-a296-85b7dff81088_bthumb.jpg', NULL, NULL, NULL, 1, '2024-04-15 23:57:04', '2024-04-26 02:55:03'),
(7, 'KHU BỂ BƠI SIÊU NÉT THEWISTERIA', 'Căn 2PN thiết kế mở view hồ bơi dịu mát những ngày hè nóng nực , giúp cả gia đình bạn đánh tan cơn nóng mùa hè View đông bắc mát mẻ mùa hè , ấm áp mùa đông chăm sóc tận hưởng trải nghiệm sống đầy thoải mái thư giãn cho gia đình của bạn cùng những tiện ích sống đa dạng , phòng đọc sách , vườn dạo bộ , TTM dài 6km , nhà hàng Spa , sân chơi trẻ em , sân thể thao ngoài trời , phòng tập gym , hạ tầng đầu tư đồng bộ , kết nối giao thông thuận tiện di chuyển quốc lộ 32 giao vành đai 3.5 cùng tuyến Metro số 7 đã chạy thử nghiệm , dự án nằm ngay sát trung tâm hành chính huyện hoài đức cách đó chưa đến 700m dự án cơ sở hạ tầng đồng bộ hoàn thiện là tiêu chí đưa Hoài Đức sớm lên quận năm 2024', 'KHU BỂ BƠI SIÊU NÉT THEWISTERIA', 3, NULL, '50000000', '20000', 'products/1714125463_1acc8ff9-76ee-43e0-8f7c-65026d900b05.jpg', NULL, NULL, NULL, 1, '2024-04-15 23:53:12', '2024-04-26 02:56:37'),
(8, 'CĂN 2NGỦ 2VS HH1 LINH ĐÀM DT 66M2', '*Chính chủ cần bán căn hộ View Thành Phố\r\n\r\n*Thiết kế bao gồm : 66m2 tầng đẹp thuận tiện\r\n\r\n- Có 2ngủ, 2vệ sinh, 1khách, 1Logia, 1bếp...\r\n\r\n- View đẹp Nhà Full Đồ sạch sẽ sẵn xách vali về ở ngay\r\n\r\n- Chỉ cần bỏ ra 1 tỷ sở hữu ngay căn hộ chính chủ tên mình\r\n\r\n- Hỗ trợ bank ngân hàng 700triệu và giải ngân nhanh chóng', 'CĂN 2NGỦ 2VS HH1 LINH ĐÀM DT 66M2', 3, NULL, '250000000', NULL, 'products/1714125530_c841c46b-272b-4fdf-ad1b-d8f900bd0e0a.jpg', NULL, NULL, NULL, 1, '2024-04-15 23:57:04', '2024-04-26 02:58:18');

-- --------------------------------------------------------

--
-- Cấu trúc bảng cho bảng `users`
--

CREATE TABLE `users` (
  `id` bigint(20) UNSIGNED NOT NULL,
  `lastName` varchar(255) DEFAULT NULL,
  `firstName` varchar(255) DEFAULT NULL,
  `username` varchar(255) DEFAULT NULL,
  `email` varchar(255) NOT NULL,
  `phone` varchar(255) DEFAULT NULL,
  `email_verified_at` timestamp NULL DEFAULT NULL,
  `password` varchar(255) DEFAULT NULL,
  `date` date DEFAULT NULL,
  `address` varchar(255) DEFAULT NULL,
  `gender` int(11) DEFAULT NULL,
  `product_id` int(11) DEFAULT NULL,
  `avatar` varchar(255) DEFAULT NULL,
  `role` int(11) DEFAULT NULL,
  `status` int(11) DEFAULT NULL,
  `deleted_at` timestamp NULL DEFAULT NULL,
  `remember_token` varchar(100) DEFAULT NULL,
  `created_at` timestamp NULL DEFAULT NULL,
  `updated_at` timestamp NULL DEFAULT NULL
) ENGINE=InnoDB DEFAULT CHARSET=utf8mb4 COLLATE=utf8mb4_unicode_ci;

--
-- Đang đổ dữ liệu cho bảng `users`
--

INSERT INTO `users` (`id`, `lastName`, `firstName`, `username`, `email`, `phone`, `email_verified_at`, `password`, `date`, `address`, `gender`, `product_id`, `avatar`, `role`, `status`, `deleted_at`, `remember_token`, `created_at`, `updated_at`) VALUES
(1, NULL, NULL, 'Trần Thị Lý 1', 'admin@gmail.com', '0946539811', NULL, '$2y$10$j9uu3cDwnK0pMEfGtWkVLuJED65TvJOeQmg1RWYQrRCrwEMkP1VMe', NULL, NULL, NULL, NULL, NULL, 1, 1, NULL, NULL, '2024-04-15 21:12:23', '2024-04-16 02:23:17'),
(2, NULL, NULL, 'admin', 'tranthangvui360@gmail.com', '0931657128', NULL, '$2y$10$D6E3ixHOEnhVFhkWA9aFIeVWjeK7fn8SQQPCODCPAKoyIRmsqaNuG', NULL, 'sdddd', NULL, NULL, 'customers/1713259549_Postcard.png', 0, 1, NULL, NULL, '2024-04-16 02:22:47', '2024-04-25 20:32:26'),
(3, NULL, NULL, 'ahffh', 'user@gmail.com', '0987657678', NULL, '$2y$10$E0upq03qDWvLyt3pF42/geDbK7cwW3pv8PWyP.tPRx6XVa6rB2TKG', NULL, NULL, NULL, NULL, 'customers/1713346366_1622628944-product.jpeg', 4, 1, NULL, NULL, '2024-04-17 02:28:28', '2024-04-17 02:32:31'),
(4, NULL, NULL, 'thang tran', 'thangtran@gmail.com', '0956334678', NULL, '$2y$10$xfsxWPWprc01t8JSrzQvTeIOwVsU8yY5/45ftRo4TsZ6GpzBjNVuq', NULL, NULL, NULL, NULL, NULL, 4, 1, NULL, NULL, '2024-04-17 03:12:06', NULL),
(5, NULL, NULL, 'gtr', 'ttttttttt@gmail.com', '0348097944', NULL, '$2y$10$vKaw3Q2o/YKWLlwE7IM6C.iznfOO/rviMEeXMfz2e7ywjI8cIE4fC', NULL, NULL, NULL, NULL, NULL, 3, 1, NULL, NULL, '2024-04-17 20:07:47', NULL),
(8, 'Thắng', 'Trần', 'Thắng Trần', 'thangtran9772@gmail.com', '3', NULL, '$2y$10$NupayIfMT72EiBoTjVxumOdEd4rfiqwrcOUrWXFAESEEuX81hZpuC', NULL, 'Số nhà 431A, Hoàng Công Chất', NULL, NULL, 'https://lh3.googleusercontent.com/a/ACg8ocKx1tY-8vZ2BqMlSdyPQ8vBjqocsE64ymtzrzvwGMT7WnZOgQ=s96-c', 4, 1, NULL, NULL, '2024-04-17 20:35:08', '2024-04-23 19:43:14'),
(9, NULL, NULL, NULL, 'thangtv.tourist@gmail.com', '938266252', NULL, NULL, NULL, 'TPHCM', NULL, NULL, NULL, NULL, NULL, NULL, NULL, '2024-04-19 09:25:48', '2024-04-19 09:26:16'),
(10, NULL, NULL, 'admin', 'locnptan@gmail.com', '0495958573', NULL, '$2y$10$xZoimNcYsfWau.O3YIqR4uFF4dky2d4bAFe57V2e/C6s.yk2CHB7C', NULL, NULL, NULL, NULL, 'customers/1714100759_435bd93b46559d0bc444.jpg', 0, 1, NULL, NULL, '2024-04-25 20:05:07', NULL);

--
-- Chỉ mục cho các bảng đã đổ
--

--
-- Chỉ mục cho bảng `category_news`
--
ALTER TABLE `category_news`
  ADD PRIMARY KEY (`id`);

--
-- Chỉ mục cho bảng `category_product`
--
ALTER TABLE `category_product`
  ADD PRIMARY KEY (`id`);

--
-- Chỉ mục cho bảng `comment_product`
--
ALTER TABLE `comment_product`
  ADD PRIMARY KEY (`id`);

--
-- Chỉ mục cho bảng `failed_jobs`
--
ALTER TABLE `failed_jobs`
  ADD PRIMARY KEY (`id`),
  ADD UNIQUE KEY `failed_jobs_uuid_unique` (`uuid`);

--
-- Chỉ mục cho bảng `migrations`
--
ALTER TABLE `migrations`
  ADD PRIMARY KEY (`id`);

--
-- Chỉ mục cho bảng `news`
--
ALTER TABLE `news`
  ADD PRIMARY KEY (`id`);

--
-- Chỉ mục cho bảng `orders`
--
ALTER TABLE `orders`
  ADD PRIMARY KEY (`id`);

--
-- Chỉ mục cho bảng `orders_detail`
--
ALTER TABLE `orders_detail`
  ADD PRIMARY KEY (`id`);

--
-- Chỉ mục cho bảng `password_reset_tokens`
--
ALTER TABLE `password_reset_tokens`
  ADD PRIMARY KEY (`email`);

--
-- Chỉ mục cho bảng `personal_access_tokens`
--
ALTER TABLE `personal_access_tokens`
  ADD PRIMARY KEY (`id`),
  ADD UNIQUE KEY `personal_access_tokens_token_unique` (`token`),
  ADD KEY `personal_access_tokens_tokenable_type_tokenable_id_index` (`tokenable_type`,`tokenable_id`);

--
-- Chỉ mục cho bảng `products`
--
ALTER TABLE `products`
  ADD PRIMARY KEY (`id`);

--
-- Chỉ mục cho bảng `users`
--
ALTER TABLE `users`
  ADD PRIMARY KEY (`id`),
  ADD UNIQUE KEY `users_email_unique` (`email`);

--
-- AUTO_INCREMENT cho các bảng đã đổ
--

--
-- AUTO_INCREMENT cho bảng `category_news`
--
ALTER TABLE `category_news`
  MODIFY `id` bigint(20) UNSIGNED NOT NULL AUTO_INCREMENT, AUTO_INCREMENT=3;

--
-- AUTO_INCREMENT cho bảng `category_product`
--
ALTER TABLE `category_product`
  MODIFY `id` bigint(20) UNSIGNED NOT NULL AUTO_INCREMENT, AUTO_INCREMENT=4;

--
-- AUTO_INCREMENT cho bảng `comment_product`
--
ALTER TABLE `comment_product`
  MODIFY `id` bigint(20) UNSIGNED NOT NULL AUTO_INCREMENT, AUTO_INCREMENT=7;

--
-- AUTO_INCREMENT cho bảng `failed_jobs`
--
ALTER TABLE `failed_jobs`
  MODIFY `id` bigint(20) UNSIGNED NOT NULL AUTO_INCREMENT;

--
-- AUTO_INCREMENT cho bảng `migrations`
--
ALTER TABLE `migrations`
  MODIFY `id` int(10) UNSIGNED NOT NULL AUTO_INCREMENT, AUTO_INCREMENT=18;

--
-- AUTO_INCREMENT cho bảng `news`
--
ALTER TABLE `news`
  MODIFY `id` bigint(20) UNSIGNED NOT NULL AUTO_INCREMENT, AUTO_INCREMENT=8;

--
-- AUTO_INCREMENT cho bảng `orders`
--
ALTER TABLE `orders`
  MODIFY `id` bigint(20) UNSIGNED NOT NULL AUTO_INCREMENT, AUTO_INCREMENT=84;

--
-- AUTO_INCREMENT cho bảng `orders_detail`
--
ALTER TABLE `orders_detail`
  MODIFY `id` bigint(20) UNSIGNED NOT NULL AUTO_INCREMENT, AUTO_INCREMENT=157;

--
-- AUTO_INCREMENT cho bảng `personal_access_tokens`
--
ALTER TABLE `personal_access_tokens`
  MODIFY `id` bigint(20) UNSIGNED NOT NULL AUTO_INCREMENT;

--
-- AUTO_INCREMENT cho bảng `products`
--
ALTER TABLE `products`
  MODIFY `id` bigint(20) UNSIGNED NOT NULL AUTO_INCREMENT, AUTO_INCREMENT=10;

--
-- AUTO_INCREMENT cho bảng `users`
--
ALTER TABLE `users`
  MODIFY `id` bigint(20) UNSIGNED NOT NULL AUTO_INCREMENT, AUTO_INCREMENT=11;
COMMIT;

/*!40101 SET CHARACTER_SET_CLIENT=@OLD_CHARACTER_SET_CLIENT */;
/*!40101 SET CHARACTER_SET_RESULTS=@OLD_CHARACTER_SET_RESULTS */;
/*!40101 SET COLLATION_CONNECTION=@OLD_COLLATION_CONNECTION */;
